Global Sıra,İlçe,Klinik Adı,Mahalle,Adres,Telefon,Yorum Sayısı,Puan,Tip/Özellik,Eve Kuş Uçuşu (km),Ziyaret Tarihi,Temsilci,Görüşülen Hekim,Durum,Sipariş,Notlar
1,Etimesgut,Mevadent ADSP ⭐ YENİ,Şehit Osman Avcı,Malazgirt 1071. Cd. 12/A,0312 502 17 17,230,4.8,Özel - Büyük,0.8,,,,,,
2,Etimesgut,Kozmonot ADSP ⭐ YENİ,Şehit Osman Avcı,Kaplan Cd. No:3,0537 285 44 76,87,4.9,Özel - Orta,1,,,,,,
3,Etimesgut,Özel Eryaman Başkent ADSP,Şehit Osman Avcı,1419. Cd. No:18,0312 281 12 81,677,4.7,Özel - Büyük,1.2,,,,,,
4,Etimesgut,Eryaman Diş Polikliniği,Şehit Osman Avcı,1419. Cd. No:20,0535 010 07 34,4,5.0,Özel - Küçük,1.3,,,,,,
5,Etimesgut,Dt. İsa Aslan - İmplant Diş Tedavisi Eryaman,Şehit Osman Avcı,"Karma Modern, 1419. Cd. No:10/102",0532 456 62 81,31,5.0,Özel,1.3,,,,,,
6,Etimesgut,Alyadent ADSM Eryaman,Şeker,Rainbow Residence 1417. Cd. No:7-B,0312 280 42 42,560,4.6,Özel - Büyük,1.4,,,,,,
7,Etimesgut,Notadent ADSP ⭐ YENİ,Şeker,1407. Sk. 12 AB,0505 885 95 97,46,5.0,Özel - Küçük,1.6,,,,,,
8,Etimesgut,Anatolya ADSP,Şeker,Şht. Mehmet Çavuş Cd. No:4/3,0850 811 7399,168,4.7,Özel - Orta,1.5,,,,,,
9,Etimesgut,Dt. Gözde Kale Şahin,Şehit Osman Avcı,Şht. Mehmet Çavuş Cd. No:10/2,0850 811 6273,21,5.0,Özel - Küçük,1.3,,,,,,
10,Etimesgut,Dentatölye ADSP ⭐ v3,Altay,Söğüt Cd. 22 bd,0530 260 16 38,19,4.8,Özel - Küçük,2.2,,,,,,
11,Etimesgut,Tekdental ADSP ⭐ YENİ,Altay,Söğüt Cd. 20/A-B,0541 731 20 74,42,5.0,Özel - Küçük,2.2,,,,,,
12,Etimesgut,Denttarz Akademi ADSP (Dt. Şakir Bacak) ⭐ v3,Altay,2666. cd 5B D:A,0533 698 53 88,24,4.9,Özel - Küçük,2.5,,,,,,
13,Etimesgut,Deniz ADSP Eryaman,Altay,Söğüt Cd. No:8,0312 503 42 42,328,4.6,Özel - Büyük,2.5,,,,,,
14,Etimesgut,Apex Oral & Maxillofacial,Altay,Orhan Bey Cd. No:1 D:113,0312 384 87 87,317,4.7,Özel - Büyük (Cerrahi),2.8,,,,,,
15,Etimesgut,Dr. Öğr. Üyesi Özgür Başlarlı (Çene Cerrahi) ⭐ v3,Altay,Orhan Bey Cd. No:1 Atayıldız Plaza,0850 474 0383,6,4.3,Özel - Uzman (Çene Cerrahi),2.8,,,,,,
16,Etimesgut,Özel B Dental ADSP ⭐ YENİ,Altay,Orhan Bey Cd. Ata Yıldız Plaza No:1,0312 347 13 47,65,4.6,Özel - Orta,2.9,,,,,,
17,Etimesgut,Eryaman ADSP Dentallika ⭐ YENİ,Göksu,Meydan Eryaman Ertuğrulbey Cd. 2/1H,0543 133 00 80,19,3.3,Özel - Küçük,2.4,,,,,,
18,Etimesgut,Uzm. Dt. Gizem Yücesoy Ocak (Periodontoloji) ⭐ v3,Göksu,Ertuğrulbey Cd. Meydan Eryaman Center,-,1,5.0,Özel - Uzman (Periodontoloji),2.2,,,,,,
19,Etimesgut,Özel Monat ADSP Eryaman,Göksu,Meydan Eryaman Ertuğrulbey Cd. 2/1H,0543 133 00 80,56,5.0,Özel - Orta,2.2,,,,,,
20,Etimesgut,Klinik 06 ADSP ⭐ YENİ,Göksu,"Metrokent AVM, Metrokent Sitesi",0501 321 42 06,132,4.8,Özel - Orta,1.5,,,,,,
21,Etimesgut,Dt. Burcu Aydoğdu,Şehit Osman Avcı,Selçuklular Cd. Cumhuriyet Sitesi B/7,0545 585 75 25,83,5.0,Özel - Küçük,1.5,,,,,,
22,Etimesgut,Lotus ADSP Malazgirt ⭐ YENİ,Şehit Osman Avcı,Malazgirt 1071. Cd. 43/B,0312 577 70 70,223,4.6,Özel - Büyük,1,,,,,,
23,Etimesgut,Dt. Nilüfer Aydemir,Şehit Osman Avcı,Metropark Plus Malazgirt 1071 30,0312 283 75 45,80,4.8,Özel - Küçük,0.8,,,,,,
24,Etimesgut,Dt. Engin Maya Çocuk Diş Hekimi (Eryaman),Şehit Osman Avcı,Malazgirt 1071. Cd. No:46C D:3,0545 232 25 45,77,5.0,Özel - UZMAN (Pedodonti),1.2,,,,,,
25,Etimesgut,Emir Maya ADSP,Şehit Osman Avcı,Malazgirt 1071 Cd. No:46 C/3,0545 232 25 45,449,4.9,Özel - Büyük,1.2,,,,,,
26,Etimesgut,Dentacenter Eryaman,Şehit Osman Avcı,Malazgirt 1071. Cd. 49A D:E,444 39 21,537,4.9,Özel - Büyük,1.2,,,,,,
27,Etimesgut,Diş Hekimi Şeyma Karaali ⭐ YENİ,Şehit Osman Avcı,Malazgirt 1071 Cad. No:50/A İç Kapı 20,0850 474 8148,1,5.0,Özel - Küçük,1.4,,,,,,
28,Etimesgut,Dentapros Eryaman ⭐ YENİ,Şehit Osman Avcı,"Göksu Prestij, Malazgirt 1071 50/A",0552 882 24 98,151,4.6,Özel - Orta,1.4,,,,,,
29,Etimesgut,Dt. Sıla Sucuka ⭐ YENİ,Şehit Osman Avcı,Fatih Sultan Mehmet Bulvarı 54CT,0312 911 14 54,52,4.9,Özel - Küçük,1.6,,,,,,
30,Yenimahalle,Uzm. Dt. Yakup Boz (Protez/Estetik),Yeni Batı,5404. Cd No:3-A,0506 039 10 00,31,5.0,Özel - Uzman (Protez),1.2,,,,,,
31,Yenimahalle,Özel Batışehir ADSP ⭐,Yeni Batı,Sezai Karakoç Cd,0312 512 84 84,313,5.0,Özel - Büyük,1,,,,,,
32,Yenimahalle,Artı Klinik Diş Polikliniği ⭐,Yeni Batı,Mülk Cd 20A/B,0541 504 50 80,287,4.8,Özel - Büyük,1,,,,,,
33,Yenimahalle,Yeni Batı Meydan ADSP,Cumhuriyet,Veysel Karani Blv 9D/6,0312 557 01 90,10,4.6,Özel - Küçük,1.4,,,,,,
34,Yenimahalle,Uzm. Dt. Merve Karaışık Soysal (Ortodonti),Yeni Batı,Meydan ADSP içi,0530 879 58 85,6,5.0,Özel - Uzman (Ortodonti),1.4,,,,,,
35,Etimesgut,Miadent ADSM,Göksu,1. TBMM Cd. No:8 D:111 Kaşmir Center,444 56 42,52,3.6,Özel - Orta,2.3,,,,,,
36,Etimesgut,Dt. Nihal Kuyumcu ⭐ YENİ,Göksu,2. İnönü Cd No:6A,0506 176 22 33,2,5.0,Özel - Küçük,2.6,,,,,,
37,Etimesgut,Eryadent ADSP,Göksu,2. İnönü Cd. No:6A-G Arissa,0506 176 22 33,198,4.2,Özel - Orta,2.9,,,,,,
38,Etimesgut,Göksu ADSP,Susuz (Yenimahalle sınırı),2. İnönü Cd 37/C No:2,0551 344 65 66,47,5.0,Özel - Küçük,3.7,,,,,,
39,Etimesgut,Aylin Katar Balaban,Şeyh Şamil,1. TBMM Yeşil Aşiyan 59/8 No:4,0312 279 24 89,26,4.6,Özel - Küçük,3.2,,,,,,
40,Etimesgut,AREL Oral and Dental Health,Şeyh Şamil,1.TBMM Cd. Yeşil Aşiyan 59/9A,0312 283 03 47,235,4.2,Özel - Büyük,3.3,,,,,,
41,Etimesgut,Eradent Oral and Dental ⭐ YENİ,Tunahan,254. Sok 8/155 Demapark,0506 156 65 16,210,4.6,Özel - Büyük,3.2,,,,,,
42,Etimesgut,Nekadent ADSP,Tunahan,254. Sk. No:8A D:A,0533 031 25 94,42,5.0,Özel - Küçük,3.1,,,,,,
43,Etimesgut,Dent Aden ADSP,Eryaman,271. Cd. Rada Park AVM No:3/27,0530 826 23 36,96,4.7,Özel - Orta,3.3,,,,,,
44,Etimesgut,Dentplant - Emre Yanaral,Eryaman,296. Sk. No:4/A Radalife K:2 D:16,0312 282 20 00,126,4.8,Özel - Orta,3.3,,,,,,
45,Etimesgut,Dent Batıkent Eryaman,Eryaman,Dolphin AVM No:3/29 Dil Devrimi,0312 279 21 21,137,3.9,Özel - Orta,3.7,,,,,,
46,Etimesgut,Özel Eryaman Dentestetik,Eryaman,Dolphin İş Mrk. 285. Sk. 3/42,0312 283 02 83,171,4.5,Özel - Orta,3.7,,,,,,
47,Etimesgut,Dt. Nevin Eren,Eryaman,Dolphin İş Mrk. 285. Sk. No:3,0850 333 8344,51,4.5,Özel - Küçük,3.7,,,,,,
48,Etimesgut,DURUDENT ADSP,Eryaman,Dil Devrimi Cd. No:41 D:7A,0312 283 10 10,58,4.5,Özel - Küçük,4.1,,,,,,
49,Etimesgut,Zena Dent ADSP,Eryaman,Samsun 19 Mayıs Cd. No:29/A,0505 842 03 38,39,5.0,Özel - Küçük,4.3,,,,,,
50,Etimesgut,Özel Klinik Eryaman ADSP,Devlet,262. Cd Ak Center No:6/30-31-32,0507 858 08 08,129,5.0,Özel - Orta,4,,,,,,
51,Etimesgut,eDent ADSP Eryaman,Eryaman,Akıncı Cd. No:26/A,0312 281 08 08,176,4.8,Özel - Orta,4.3,,,,,,
52,Etimesgut,Özel BeMTa ADSP,Eryaman,3. Cd. No:1B,0312 511 62 00,90,5.0,Özel - Orta,4.9,,,,,,
53,Etimesgut,DENTİSTS GROUP Gimsa,Devlet,Devrimler Cd.,0312 282 29 98,189,4.1,Özel - Orta,5.3,,,,,,
54,Sincan,Special Summit Dental (Zirve) ⭐,Plevne,Pazar Sk 43/A,-,193,4.1,Özel - Büyük,6,,,,,,
55,Sincan,Güven Ankara ADSP Akşemsettin,Akşemsettin,Bosna Cd 84/B,0507 618 90 91,72,4.6,Özel - Orta,6.6,,,,,,
56,Sincan,Dt. Ayşe Zeycan Kaleli & Faruk Sarıyerli ⭐,İstasyon,Polatlı 1. Cd 7/3,0507 303 94 34,196,4.7,Özel - Büyük,6.9,,,,,,
57,Sincan,Dt. Neriman & Sadri Uysal,İstasyon,Bosna Cd 25/3,0312 269 52 59,17,4.0,Özel - Köklü,7,,,,,,
58,Sincan,Özel Osman Kuşçu Sincan,İstasyon,Bosna Cd 26/A,0312 270 04 14,45,3.3,Özel - Orta (düşük puan),7.2,,,,,,
59,Sincan,Özel Asel ADSP,İstasyon,Bosna Cd Engin Sk 4/A,0551 707 00 06,8,5.0,Özel - Yeni,7.2,,,,,,
60,Sincan,Aysun İğneli Diş Kliniği,İstasyon,Bosna Cd 13/A,0312 271 67 67,154,4.3,Özel - Orta,7.3,,,,,,
61,Sincan,Özel Dünya ADSP,İstasyon,İstasyon mh,0312 270 00 06,52,3.7,Özel - Orta,7.3,,,,,,
62,Sincan,Özel Cadde Arasta ADSP,Evran,Ayaş Cd 13,0541 445 44 43,14,4.8,Özel - Yeni (YENİ MAHALLE: Evran),7.5,,,,,,
63,Sincan,Sincan Tıp Merkezi (dental),İstasyon,Ayaş Cd 34,0312 263 36 73,403,4.0,Özel - Tıp Merkezi (dental şubesi),7.3,,,,,,
64,Sincan,Dentist Serk Göklerden,Atatürk,Ankara Cd 2,0312 271 31 31,25,4.9,Özel - Köklü,7.5,,,,,,
65,Sincan,Dentist / Dt. Serkan Göklerden,Atatürk,Ankara Cd. No:2,0312 271 31 31,25,4.9,Özel,7.5,,,,,,
66,Sincan,Uzm. Dt. Enes Elmalı,Atatürk,Ankara Cd Lale İş Merkezi 12/4,-,21,4.8,Özel - Uzman,7.5,,,,,,
67,Sincan,Dt. Sami Kalenci ⭐,Atatürk,Ankara Cd 4 Lale İş Merkezi 12,0312 275 03 03,29,5.0,Özel - Köklü,7.5,,,,,,
68,Sincan,Diş Hekimi Dt. Sami Kalenci,Atatürk,Lale Cad. Ankara Cd. No:4 İş Mrk No:12,0312 275 03 03,29,5.0,Özel,7.5,,,,,,
69,Sincan,Dt. Cemile Nur Elmalı,Atatürk,Ankara Cd Lale İş Merkezi 12/4,0312 275 02 00,4,5.0,Özel - Küçük,7.5,,,,,,
70,Sincan,Dt. Şerife Özkan,Atatürk,Ankara Cd 14-23,0312 276 39 04,15,4.5,Özel - Küçük,7.5,,,,,,
71,Sincan,Diş Hekimi Dt. Şerife Özkan,Atatürk,Ankara Cd. 14-23,0312 276 39 04,15,4.5,Özel,7.5,,,,,,
72,Sincan,Dt. Recep Balkaya,Atatürk,Meltem Sk 2,0312 276 19 96,6,4.3,Özel - Köklü,7.4,,,,,,
73,Sincan,Diş Hekimi Dr. Anife Göktaş,Tandoğan,Billur Sk. 10/5,0850 811 3654,52,2.9,Özel,7.4,,,,,,
74,Sincan,Dt. Mustafa Can,Atatürk,Vatan Cd Belediye İş Merkezi 23/65-66,0312 269 00 11,26,3.8,Özel - Köklü (düşük puan),7.4,,,,,,
75,Sincan,Diş Hekimi Mustafa Can,Atatürk,Vatan Cd. Belediye İş Mrk 23/65-66,0312 269 00 11,26,3.8,Özel,7.4,,,,,,
76,Sincan,Dt. Hasan Faruk Özışık,Atatürk,Ankara Cd 50 D:3,0312 271 73 01,56,4.6,Özel - Köklü,7.4,,,,,,
77,Sincan,Diş Hekimi Hasan Faruk Özışık,Atatürk,Ankara Cd. No:50 D:3,0312 271 73 01,56,4.6,Özel,7.4,,,,,,
78,Sincan,Dentist Medet Benli,Atatürk,Ankara Cd 33 D:7,0312 269 51 71,14,5.0,Özel - Köklü,7.3,,,,,,
79,Sincan,DETAY DENT,Atatürk,Melek Sk 34/4,0312 269 92 92,104,4.8,Özel - Orta,7.2,,,,,,
80,Sincan,Ümit Küpeli Diş Hekimliği,Atatürk,Onur Cd 19/1,0850 811 3626,9,5.0,Özel - Küçük,7.1,,,,,,
81,Sincan,Dt. Nuriye Tankoş,Atatürk,Onur Cd 10/3,0312 271 25 81,39,4.6,Özel - Köklü,7.1,,,,,,
82,Sincan,Diş Hekimi Nuriye Tankoş,Atatürk,Onur Cd No:10/3,0312 271 25 81,39,4.6,Özel,7.1,,,,,,
83,Sincan,Sincan diş hekimi,Atatürk,Atatürk Cd 58 D:4/1,0506 265 10 06,6,4.5,Özel - Küçük,7.1,,,,,,
84,Sincan,Pearl Dental Clinic,Akşemsettin,Polatlı 1. Cd 16,0552 780 25 70,89,4.1,Özel - Orta (düşük yorumlar),6.9,,,,,,
85,Sincan,Dentedent ADSP,İstasyon,Polatlı 1. Cd 21/D,0532 475 46 37,0,0,Özel - Yeni,6.9,,,,,,
86,Sincan,Özel Merkez ADSP ⭐,Tandoğan,Billur Sk 10/1,0312 276 00 89,185,4.9,Özel - Büyük,7.6,,,,,,
87,Sincan,Dt. Cengiz Avdan,Tandoğan,Billur Sk 10/1,0553 944 00 89,1,5.0,Özel - Küçük,7.6,,,,,,
88,Sincan,Dt. Zeynep Sayılı,Tandoğan,Zeki Uğur Cd 54/B,0552 288 29 95,34,4.3,Özel - Köklü,8.1,,,,,,
89,Sincan,Kuzey ADSP Sincan ⭐,Tandoğan,Ahi Mesut Blv 320 AD,0312 513 29 45,110,4.9,Özel - Orta,8.6,,,,,,
90,Sincan,Özel Sekans ADSP,Tandoğan,Ahi Mesut Blv 320 AF,0530 122 95 54,75,4.8,Özel - Orta,8.6,,,,,,
91,Sincan,Aydent ADSP,Malazgirt,Ahimesut Blv 298/C-D,0312 268 10 71,25,4.5,Özel - Orta (YENİ MAHALLE: Malazgirt),8.4,,,,,,
92,Sincan,LADEN ADSP ⭐,Pınarbaşı,Vatan Cd 52 D:B,0540 907 97 97,59,4.9,Özel - Orta,7.9,,,,,,
93,Sincan,Sincan Diş Polikliniği ⭐⭐,Atatürk,Vatan Cd 36/A,0506 586 36 72,289,4.7,Özel - DEV,7.8,,,,,,
94,Sincan,Dent Sin Diş Polikliniği,Atatürk,Vatan Cd 36/21 D:1,0312 866 36 72,18,4.1,Özel - Orta,7.8,,,,,,
95,Sincan,Alyadent Sincan ⭐⭐,Andiçen,Ahi Mesut Blv 252 B,0554 499 14 12,279,4.3,Özel - DEV,7.8,,,,,,
96,Sincan,Sincan Diş (Andiçen),Andiçen,Ahi Mesut Blv 252 B (Alyadent yanı),0850 840 6665,0,0,Özel - Yeni (henüz yorumsuz),7.8,,,,,,
97,Sincan,Prizma ADSP,Andiçen,Ahi Mesut Blv 236 D:S,0530 303 89 80,27,4.9,Özel - Yeni,7.8,,,,,,
98,Sincan,Özel Zirve ADSP,Pınarbaşı,Kuyumcu Sk 1c D:4,0312 270 01 01,54,4.4,Özel - Orta,8.4,,,,,,
99,Sincan,Özel Güven Ankara Pınarbaşı,Pınarbaşı,Yaşar Kemal Cd 114/A,0532 689 43 73,50,5.0,Özel - Orta,8.8,,,,,,
100,Sincan,Özel Anıl Alp ADSP,Pınarbaşı,Yaşar Kemal Cd 101 b,0541 639 59 06,31,4.9,Özel - Orta,8.8,,,,,,
101,Sincan,Özel Dentalp ADSP,Pınarbaşı,Yaşar Kemal Cd,-,1,5.0,Özel - Yeni,8.8,,,,,,
102,Sincan,Özel Lotus ADSP Sincan ⭐,Andiçen,Hürriyet Cd,0505 637 41 09,64,4.8,Özel - Orta (YENİ MAHALLE bağlamı),7,,,,,,
103,Sincan,Ankanaturadent ⭐,Selçuklu,Prof. Dr. Necmettin Erbakan Blv 48,0312 260 20 01,118,4.2,Özel - Büyük,6,,,,,,
104,Etimesgut,"Dt. Elif Merve Dur, Diş Hekimi",Yeşilova,Prof. Dr. Necmettin Erbakan Cd No:15/1-13,,2,5.0,Özel,5.7,,,,,,
105,Sincan,Lale ADSP ⭐ (24h),Mareşal Çakmak,Ankara Cd 216/A,0312 270 01 12,260,4.3,Özel - Büyük (24h),6,,,,,,
106,Etimesgut,Dent Yeşilova ADSP,Yeşilova,4014. Cad. 8/A,0533 512 03 93,113,4.8,Özel - Orta,5.2,,,,,,
107,Etimesgut,Uzm. Dt. Nurcan Yurtoğlu (Ağız-Çene Radyoloji) ⭐ v3,Yeşilova,4014. Cad. No:6/C,0506 397 14 50,57,4.8,Özel - Uzman (Radyoloji),5.2,,,,,,
108,Etimesgut,Dentporte ADSP ⭐ v3,Yeşilova,Şht. Ferhat Koç Cd. No:8 D:1B,0552 196 46 39,72,4.8,Özel - Orta,5.1,,,,,,
109,Etimesgut,Nova Dental ADSP ⭐ YENİ,Yeşilova,Port AVM Prof. Dr. Necmettin Erbakan Cd No:13 A,0506 154 13 47,94,4.9,Özel - Orta,5.2,,,,,,
110,Etimesgut,Akademi Diş Eryaman ⭐ YENİ,Yeşilova,Doğan City Şht. Ferhat Koç Cd No:55,0312 269 65 55,15,5.0,Özel - Küçük,4.9,,,,,,
111,Etimesgut,Beyazdent Grup ADSP,Atakent,Murat Üçöz Cd D:4A,0516 160 66 67,23,5.0,Özel - Küçük,4.9,,,,,,
112,Etimesgut,ELADENT Etimesgut,Topçu,Şehit Murat Üçöz Cd No:15/A,0507 470 08 70,21,4.8,Özel - Küçük,5,,,,,,
113,Etimesgut,Dr. N. Ayşegül Gürler,Atakent (Elvankent),1464 Cd. 1477 Sk. No:1 D:2,0312 261 29 27,38,4.8,Özel - Küçük,5.2,,,,,,
114,Etimesgut,Dent Atakent ADSP,Atakent,1514. Sk. No:83 D:3,0542 624 12 44,109,4.9,Özel - Orta,5.3,,,,,,
115,Etimesgut,Özel Elvankent ADSP,Atakent (Elvankent),1478. Cd. 36/A,0312 260 63 12,536,4.7,Özel - Büyük,5.3,,,,,,
116,Etimesgut,Uzman Dt. Semanur Güneş Diş Kliniği,Atakent,Şht. Celal İşen Sk. 24/A,0553 443 13 68,25,5.0,Özel,5.5,,,,,,
117,Etimesgut,Dt. Ayzer Bal,Topçu,1522. Sk 7/4,0312 260 16 26,5,3.4,Özel - Küçük,5.4,,,,,,
118,Etimesgut,Dt. Oya Ertüzün,Atakent,Şehit Murat Üçöz Cd 64/1,0546 476 90 35,25,4.8,Özel - Küçük,5.6,,,,,,
119,Etimesgut,Özel Keşif Dent ADSP,Topçu,Şht. Mustafa Sağlam Cd 18/A,0312 260 22 12,84,4.8,Özel - Küçük,5.6,,,,,,
120,Etimesgut,Dt. Zehra Sarıtekin Erkuş,Topçu (Elvankent),1489. Cd. No:14/11,0312 260 22 12,7,5.0,Özel - Küçük,5.6,,,,,,
121,Etimesgut,Güney ADSP,Topçu,1512. Cd. No:52-A D:C,0507 172 22 39,299,4.8,Özel - Büyük,4.8,,,,,,
122,Etimesgut,Arda Dent ADSP,Topçu,1505. Sk. No:1-A,0532 155 80 66,53,5.0,Özel - Küçük,4.6,,,,,,
123,Etimesgut,Özel Etimesgut/Emirler Kliniği,Piyade,1951. Sk. No:15,0312 228 12 00,113,4.5,Özel - Orta,4.2,,,,,,
124,Etimesgut,Hakim Türkoğlu,Süvari,İstasyon Cad. No:170,0541 102 44 10,56,3.9,Özel - Küçük,3.4,,,,,,
125,Etimesgut,Etimesgut Getat Diş Kliniği ⭐ v3,Kazım Karabekir,İstasyon Cad. No:126,0552 645 23 43,4,4.0,Özel - Küçük,3.3,,,,,,
126,Etimesgut,Tebessüm Diş Kliniği,Kazım Karabekir,İstasyon Cad. No:71,0312 243 29 29,60,4.0,Özel,3.3,,,,,,
127,Etimesgut,Yaşam ADSP ⭐ YENİ,Kazım Karabekir,İzmir Cd No:11 D:B,0551 070 19 30,86,4.7,Özel - Orta,3.5,,,,,,
128,Etimesgut,Özel Ayna ADSP ⭐ YENİ,30 Ağustos,Şht. Hasan Öztürk Cd. No:27/B,0505 042 00 44,152,4.8,Özel - Orta,3.6,,,,,,
129,Etimesgut,Özel Uygar Polikliniği ⭐ v3,30 Ağustos,2091. Sk. No:3 D:A,0850 811 4092,58,4.4,Özel - Orta,3.7,,,,,,
130,Etimesgut,Hikmet Özer 2313 Muayenehane (Ezgi Kabak/Yunus Emre Şimşek+Betül Çetinkaya+Burcu Uluhan) ⭐ v3,İstasyon,Hikmet Özer Cd 2313. Sk. 1/2 — 4 hekim aynı muayenehane,0507 510 06 44,7,5.0,Özel - Küçük (Ortak Muayenehane),3.6,,,,,,
131,Etimesgut,DENTAL AY ADSP,İstasyon,Tüzün Sk. 45/A,0537 852 14 46,71,4.5,Özel - Küçük,3.6,,,,,,
132,Etimesgut,Dt. Tolga Tigin Güngör ⭐ v3,İstasyon,Hikmet Özer Cd. No:7,-,8,4.5,Özel - Küçük,3.4,,,,,,
133,Etimesgut,Prof.Dr Görgülü Ortodonti,İstasyon,2309. Sk. No:2 D:11,0552 276 48 48,76,4.8,Özel - Uzman (Ortodonti),3.4,,,,,,
134,Etimesgut,Ankara Dişevi ⭐ v3,Kazım Karabekir,İstasyon Cad. No:41 D:c,-,38,3.5,Özel - Küçük,3.3,,,,,,
135,Etimesgut,Özel Etimesgut ADSP İstasyon,İstasyon,Ulubatlı Hasan Cd No:108,0312 245 61 00,96,4.4,Özel - Orta,3.8,,,,,,
136,Etimesgut,Özel Dent Sağlık ADSP ⭐ v3,Şehit Alsancak,Hikmet Özer Cd. No:94 D:1,0540 672 45 45,86,5.0,Özel - Orta,4.6,,,,,,
137,Etimesgut,Özel Duru ADSP,Süvari,Ahi Mesut Blv No:13/B,0552 303 05 50,97,4.5,Özel - Orta,4.3,,,,,,
138,Etimesgut,3K ADSP,Süvari,Ahi Mesut Blv No:19/B,0543 964 83 30,7,5.0,Özel - Küçük,4.3,,,,,,
139,Etimesgut,Özel Lotus Etimesgut (Süvari),Süvari,Ahi Mesut Blv No:38/B,0533 599 33 68,41,4.9,Özel - Küçük,4.4,,,,,,
140,Etimesgut,TunaDent ADSP,Süvari,1731. Cd. No:11 D:H,0531 524 56 10,114,4.9,Özel - Orta,4.8,,,,,,
141,Etimesgut,Dt. Mahmut Sapmaz ADSP,Süvari,Özkuyumcular Center Mehmet Akif Ersoy,0539 308 23 19,140,4.9,Özel - Orta,5,,,,,,
142,Etimesgut,Nehir ADSP,Ahi Mesut,1904. Sk. No:12/B,0555 186 18 98,236,4.1,Özel - Büyük,5,,,,,,
143,Etimesgut,Özel Ankara Mavi ADSP ⭐ YENİ,Ahi Mesut,1903. Sk. No:1/A,0312 226 26 18,160,4.3,Özel - Orta,4.9,,,,,,
144,Etimesgut,Piyade ADSP,Piyade,Ahi Mesut Blv No:66/16,0545 838 12 11,257,4.8,Özel - Büyük,4.7,,,,,,
145,Etimesgut,İrem Çarşı Diş Kliniği,Ahi Mesut,1904. Sk. İrem Çarşı D:11/C,0554 674 03 05,773,4.9,Özel - Büyük,5.3,,,,,,
146,Etimesgut,Hayal ADSP,Ahi Mesut,1906. Sk. 3 A,0312 504 50 10,160,4.7,Özel - Orta,5.3,,,,,,
147,Etimesgut,Dent Alkan,Yeni (Bağlıca),Zirve Cd. 91F D:10,0554 402 15 12,178,5.0,Özel - Orta,7.4,,,,,,
148,Etimesgut,Bağlıca Estetica Denta,Bağlıca,Etimesgut Blv. No:33 D:4,0536 662 71 85,59,4.9,Özel - Küçük,7.8,,,,,,
149,Etimesgut,Ortodonti Uzm. Orhan Aksoy ⭐ YENİ,Bağlıca,Bağlıca Business Center Yolcular Cd. 14,0541 235 86 55,92,4.9,Özel - Uzman (Ortodonti),9,,,,,,
150,Etimesgut,Nar Diş Eryaman 7,Bağlıca,Bağlıca Blv. No:60 D:F,0312 234 10 54,188,4.4,Özel - Orta,9.1,,,,,,
151,Etimesgut,DH Klinik Denthaus,Bağlıca,Bağlıca Blv. no:55/5,0501 363 87 64,117,4.9,Özel - Orta,9.2,,,,,,
152,Etimesgut,Özel Delta ADSP,Bağlıca,Bağlıca Blv. No:72/8,0541 710 11 12,74,4.9,Özel - Küçük,9.3,,,,,,
153,Etimesgut,Dt. Demet Duran,Bağlıca,Hilal Cd. No:20 C-9,0530 950 88 23,13,5.0,Özel - Küçük,9.4,,,,,,
154,Etimesgut,Diş Hekimi Demet Duran,Bağlıca,Hilal Cd. No:20 C-9,0530 950 88 23,13,5.0,Özel,9.4,,,,,,
155,Etimesgut,Nuray Tekin Kar Diş,Bağlıca,Etimesgut Blv. No:118/B,0541 244 09 83,91,4.8,Özel - Orta,9.4,,,,,,
156,Etimesgut,SevilDent ADSP,Bağlıca,Bağlıca Blv. 43/7,0530 790 65 75,215,4.8,Özel - Büyük,9.1,,,,,,
157,Etimesgut,Bağlıca DentOffice ADSP,Bağlıca,Bağlıca Blv. No:46 D:2C,0542 150 19 19,279,4.7,Özel - Büyük,9,,,,,,
158,Etimesgut,Bulvar Bağlıca ADSP,Yeni Mah (Bağlıca),Bağlıca Blv. No:30/E,0530 776 81 51,262,5.0,Özel - Büyük,9.1,,,,,,
159,Etimesgut,Uzm. Büşra Özdemiray ⭐ YENİ,Bağlıca,Bağlıca Bulvarı No:101 Mercan Sitesi,0850 474 7350,147,4.8,Özel - Uzman (Ortodonti),9.1,,,,,,
160,Etimesgut,Smile Zone Clinic,Bağlıca,Bağlıca Blv. no:1-D4/Villa,0312 234 53 54,341,4.8,Özel - Büyük,9.2,,,,,,
161,Çankaya-A Batı,"Uzm. Dr. Dt. Tuğba Çınar Türk (Pedodonti, Sedasyon)",,"Konutkent, 2945. cd Hayal sitesi 25/2 Çayyolu",0546 820 75 35,99,4.8,UZMAN (Pedodonti),10.7,,,,,,
162,Çankaya-A Batı,Fordent Diş Kliniği,,"Konutkent, 2967. Sk. No:10",0312 236 01 37,38,4.7,,11.3,,,,,,
163,Çankaya-A Batı,Çayyolu ADSP,,"Çayyolu, Konutkent, 2965. Cd Malikent Sitesi",0312 241 14 13,57,4.1,,11.2,,,,,,
164,Çankaya-A Batı,Fildent ADSP Yaşamkent,,"Yaşamkent, 3250 Cd. Ankabatı 11/108",0312 217 01 00,531,4.9,MEGA LEAD,11.7,,,,,,
165,Çankaya-A Batı,Dental Company,,"Yaşamkent, 3045. Sk. No:6",0312 242 24 42,253,5.0,HOT LEAD,12,,,,,,
166,Çankaya-A Batı,Moondent Yaşamkent,,"Yaşamkent, 3296. Cd. Gözüm Park 2/D",0312 235 77 79,144,4.9,,12,,,,,,
167,Çankaya-A Batı,Dr. Dt. Çiğdem Şentürk Ürer (Moondent),,"Yaşamkent, 3296. Cd.",0312 235 77 79,13,5.0,,12,,,,,,
168,Çankaya-A Batı,Dt. Uygar Ürer (Moondent),,"Yaşamkent, 3296. Cd.",0312 235 77 79,10,5.0,,12,,,,,,
169,Çankaya-A Batı,Dental Company,,"Yaşamkent, 3045. Sk. No:6",0312 242 24 42,253,5.0,HOT LEAD,12.3,,,,,,
170,Çankaya-A Batı,Karina Dent,,"Yaşamkent, 3222. Cd. Karina Plaza 2R/25",0312 217 17 05,17,4.8,,12.2,,,,,,
171,Çankaya-A Batı,StyleDent Özel Yaşamkent ADSP,,"Yaşamkent, 3158. Cd. No:71",0312 217 64 54,356,4.9,HOT LEAD,12.5,,,,,,
172,Çankaya-A Batı,Art&Smile Dental Clinic,,"Yaşamkent, 3158. Cd. 32C/6",0312 217 20 22,279,5.0,HOT LEAD,12.5,,,,,,
173,Çankaya-A Batı,Nice Dent ADSP,,"Yaşamkent, 3158. Cd. No:41/1",0532 432 64 23,31,5.0,,12.6,,,,,,
174,Çankaya-A Batı,StyleDent Özel Yaşamkent Diş Polikliniği,,"Yaşamkent, 3158. Cd. no:71",0312 217 64 54,356,4.9,MEGA LEAD,12.8,,,,,,
175,Çankaya-A Batı,Dr. Dt. Çiğdem Şentürk Ürer,,"Yaşamkent, 3296. Cad. Gözüm Park No:2/D",0312 235 70 00,13,5.0,,13.5,,,,,,
176,Çankaya-A Batı,Viradent ADSP Yaşamkent,,"Yaşamkent, 3250. Cd. No:26 B D:C",0552 825 51 24,87,5.0,,13.6,,,,,,
177,Çankaya-A Batı,Fildent ADSP (Çayyolu/Yaşamkent),,"Yaşamkent, 3250 Cd Ankabatı No:11 D:108",0312 217 01 00,531,4.9,MEGA LEAD,12.9,,,,,,
178,Çankaya-A Batı,Wind Dent Çayyolu Diş Kliniği,,"Alacaatlı, 3408. Sk. Yaşamkule No:2M D:135",0542 205 42 92,123,4.8,HOT LEAD,14.7,,,,,,
179,Çankaya-A Batı,Dr. Dt. Fatih Rasim,,"Alacaatlı, Şht. Eren Bülbül Cd. 45E/5",0535 970 60 18,40,5.0,,13.4,,,,,,
180,Çankaya-A Batı,Dt. Ömür Türeli,,"Alacaatlı, Şht. Eren Bülbül Cd. 45C/4",0530 037 01 20,33,5.0,,13.4,,,,,,
181,Çankaya-A Batı,Drn Dental ADSP,,"Alacaatlı, Mehmet Rifat Börekçi Sierra Yaşamkent 35B/C",0501 037 63 76,44,5.0,,12.6,,,,,,
182,Çankaya-A Batı,Dt. Ahmet Özgür (Drn),,"Alacaatlı, Mehmet Rifat Börekçi 35B/C",0501 037 63 76,3,5.0,,12.6,,,,,,
183,Çankaya-A Batı,Astrodent ADSP,,"Alacaatlı, Beyler Cd. 36/17",0554 584 33 24,41,4.9,,12.4,,,,,,
184,Çankaya-A Batı,Karaer Dent Çayyolu ADSP,,"Prof. Dr. Ahmet Taner Kışlalı, Anamur Sk. No:4",0555 227 03 12,0,-,YENİ AÇILDI,12.8,,,,,,
185,Çankaya-A Batı,Dr. Dt. Aysun Coşkun Keşoğlu,,"ATK, Konsept Çayyolu, 2715. Sk. No:2/3",,2,5.0,,12.4,,,,,,
186,Çankaya-A Batı,Hospitadent Ankara Diş Hastanesi,,"Prof. Dr. Ahmet Taner Kışlalı, Alacaatlı Cd. No:3",0312 468 41 44,356,4.8,HOT LEAD,12.4,,,,,,
187,Çankaya-A Batı,Dent Ala Çayyolu,,"Prof. Dr. Ahmet Taner Kışlalı, Alacaatlı Cd. 14/18",0547 360 06 06,36,5.0,,12.2,,,,,,
188,Çankaya-A Batı,Uzm. Dt. Tuğba Kademoğlu (Dent Ala),,"Prof. Dr. Ahmet Taner Kışlalı, Alacaatlı Cd. 14/18",0541 339 47 48,38,5.0,UZMAN,12.2,,,,,,
189,Çankaya-A Batı,dentapol clinics Çayyolu,,Alacaatlı Cd. Mercan İş Merkezi C3,0850 259 04 44,58,5.0,,12.1,,,,,,
190,Çankaya-A Batı,Özel Dent Trio ADSP,,"Prof. Dr. Ahmet Taner Kışlalı, 2864. Cd. 34/3",0312 502 42 22,87,4.8,,11.9,,,,,,
191,Çankaya-A Batı,Conceptdent ADSP,,"Prof. Dr. Ahmet Taner Kışlalı, 2715. Sk. Konsept Villaları No:2-7/B",0312 240 32 40,58,4.3,,11.7,,,,,,
192,Çankaya-A Batı,Dr. Dt. Aysun Coşkun Keşoğlu,,"Prof. Dr. Ahmet Taner Kışlalı, Konsept 2715. Sk. 2/3",,2,5.0,,11.7,,,,,,
193,Çankaya-A Batı,Klinik Çayyolu,,"Prof. Dr. Ahmet Taner Kışlalı, 2715. Sk. Konsept İş Merkezi D:2/3",0530 404 29 93,44,4.8,,11.7,,,,,,
194,Çankaya-A Batı,Uzm. Dt. Duygu Naneci (Ortodonti),,"Prof. Dr. Ahmet Taner Kışlalı, 2715 Sk. Konsept No:2 D:3",0530 404 29 93,6,5.0,UZMAN,11.7,,,,,,
195,Çankaya-A Batı,Dt. Kadir Anıl Naneci,,Alacaatlı Cd. Konsept İş Merkezi No:2/3,0312 240 85 56,4,5.0,,11.7,,,,,,
196,Çankaya-A Batı,Çocuk Dişçim Çayyolu (Dr. Sezgi Şenol),,"Prof. Dr. Ahmet Taner Kışlalı, 2812. Cd. No:3",0544 810 55 65,116,4.6,UZMAN (Pedodonti),12,,,,,,
197,Çankaya-A Batı,Uzm. Dr. Serkan Dadakoğlu,,"Koru, Ahmet Taner Kışlalı Cd. 4/4",0850 333 8344,6,5.0,UZMAN,11.1,,,,,,
198,Çankaya-A Batı,Dr. Dt. Özge Batmaz (Ortodonti),,"Koru, Ahmet Taner Kışlalı 4/L D:4",0850 333 8344,7,4.4,UZMAN,11.1,,,,,,
199,Çankaya-A Batı,Dentium Oral Health,,"Koru, Ahmet Taner Kışlalı Cd. 4/L",0543 240 41 95,125,4.5,,11.1,,,,,,
200,Çankaya-A Batı,Dentium Oral Health Clinic,,"Koru, North Star Plaza, Ahmet Taner Kışlalı Cd. D:4/L",0543 240 41 95,125,4.5,,10.8,,,,,,
201,Çankaya-A Batı,Dr. Yasin Yıldız,,"Çayyolu, 2673. Cd. Gold N State No:38/51",0312 235 80 32,123,5.0,,10.6,,,,,,
202,Çankaya-A Batı,Dt. Sema Çetin / Santra ADSP,,"Çayyolu, 2675. Sk. 2BA",0543 726 87 20,38,4.6,,10.6,,,,,,
203,Çankaya-A Batı,Dentalde Çayyolu ADSP,,"Çayyolu, Doğan Taşdelen Blv. 158/1",0532 745 59 80,10,5.0,,10.6,,,,,,
204,Çankaya-A Batı,Uzm. Dt. Selim Han Türer (Endodonti),,"Çayyolu, Doğan Taşdelen Blv. 134/1",0540 440 52 02,89,5.0,UZMAN,10.5,,,,,,
205,Çankaya-A Batı,Diş Hekimi Sema Çetin,,"Çayyolu, 2675. Elit Blok Sokak no:2BA",0543 726 87 20,19,5.0,,10.9,,,,,,
206,Çankaya-A Batı,Dr. Dt. Esat Başol (Protez),,"Ümit, 2512. Sk. Oranj Home Office No:1/46",0530 389 24 60,70,4.9,UZMAN,10.1,,,,,,
207,Çankaya-A Batı,Özel Dental Ank Ümitköy (24h ekipli),,"Ümitköy, 2510. Cd. No:8",0312 235 40 04,393,4.1,HOT LEAD,10,,,,,,
208,Çankaya-A Batı,Özel Dent Ümitköy ADSP,,"Ümit, 2494/4. Sk. No:7",0545 628 20 21,228,4.9,HOT LEAD,10,,,,,,
209,Çankaya-A Batı,Dentists Songül Mirzaoğlu,,"Ümit, 2494/4. Sk. No:7",0545 628 20 21,101,4.8,,10,,,,,,
210,Çankaya-A Batı,ÖZEL DENTAL ANK Ümitköy ADSM (gece açık),,"Ümit, 2510. Cad. No:8",0312 235 40 04,393,4.1,HOT LEAD (geç saat),9.8,,,,,,
211,Çankaya-A Batı,Özel Candent Ümitköy ADSM,,"Ümit, 2521. Sk. No:14",0530 270 10 74,830,4.9,MEGA LEAD,9.8,,,,,,
212,Çankaya-A Batı,Dr. Dt. Serhat Uyar,,"Ümit, 2526. Sk. No:41/2",,17,5.0,,9.9,,,,,,
213,Çankaya-A Batı,Akademi ADSP (Academy of Oral),,"Ümit, 2494. Sk. No:21",0312 236 12 85,44,4.6,,9.8,,,,,,
214,Çankaya-A Batı,Dr. Dt. Sıla Şahin (Çene Cerrahisi),,"Ümit, 2494. Sk. Çamlıca Bulvar E blok 9",0552 667 27 83,21,5.0,UZMAN,9.7,,,,,,
215,Çankaya-A Batı,Ortodonti Uzm. Dr. Kaya Gökçe Dinçyürek,,"Ümit, 2494. Sk. Çamlıca Bulvar A blok D:5",0312 235 31 36,41,5.0,UZMAN,9.7,,,,,,
216,Çankaya-A Batı,Kent Klinik,,"Mutlukent, Doğan Taşdelen Blv. No:31",0850 305 31 13,142,4.3,,9.8,,,,,,
217,Çankaya-A Batı,Ortodonti Uzm. Beyza Erdemir & Osman Yıldız,,"Mutlukent, 1951. Sk. No:3",0312 235 35 20,48,5.0,UZMAN,9.8,,,,,,
218,Çankaya-A Batı,Diş Hekimi Emine Albayrak Ünlü,,"Mutlukent, Mutluköy Sitesi 1952. Sokak No:3 Ümitköy",0312 271 50 58,6,5.0,,9.7,,,,,,
219,Çankaya-A Batı,Özel Zeynep Yıldırım ADSP,,"Mutlukent, 1963. Sk. 8/1",0507 525 09 02,83,4.9,,9.7,,,,,,
220,Çankaya-A Batı,SANO Dental Clinic (Bekir Sakallı),,"Mutlukent, 1943. Cd. No:5",0312 236 08 08,70,4.9,,9.7,,,,,,
221,Çankaya-A Batı,Ümitköy Özel Zeynep Yıldırım ADSP,,"Mutlukent, 1963. Sk. No:8/1",0507 525 09 02,83,4.9,,9.6,,,,,,
222,Çankaya-A Batı,Umitkoy Oral and Maxillofacial Clinic,,"Mutlukent, 1964. Sk. No:10/1",0541 235 13 28,318,4.8,HOT LEAD (Çene Cer.),9.5,,,,,,
223,Çankaya-A Batı,Uzm. Dt. Murat Dikici (Çene Cerrahisi),,"Mutlukent, 1964. Sk. No:10",0530 169 65 06,214,5.0,HOT LEAD (Uzm.),9.5,,,,,,
224,Çankaya-A Batı,Dr. Dt. Kerem Aras (Protez Uzm.),,"Mutlukent, Ümitköy Kavşağı No:25",0312 241 47 46,36,4.4,UZMAN,9.4,,,,,,
225,Çankaya-A Batı,SANO Dental Clinic (Dr. Bekir Sakallı),,"Mutlukent, Mutluköy Sitesi 1943 cad no:5",0312 236 08 08,70,4.9,,9.9,,,,,,
226,Çankaya-A Batı,Ayda Dent ADSP,,"Ümit, 2467. Sk. 1B/65",0312 502 02 60,73,4.9,,9,,,,,,
227,Çankaya-A Batı,Biz Dental Klinik,,"Ümit, 2467. Sk. Türkyapı Blok 1/B Kat:8 No:20",0546 909 20 80,206,5.0,HOT LEAD,8.9,,,,,,
228,Çankaya-A Batı,Little Smiles ADSP (Pedodonti),,"Mutlukent, Angora Blv. 4/9",0538 218 79 79,27,4.9,UZMAN,11,,,,,,
229,Çankaya-A Batı,Dr. Berk Özoğul (Beysudent),,"Mutlukent, Angora Blv. No:4/11",0312 235 77 01,63,4.8,,11,,,,,,
230,Çankaya-A Batı,Beysudent Diş Polikliniği,,"Mutlukent, Angora Blv. 2015. Cd. No:4/11",0312 235 77 01,270,4.9,HOT LEAD,11.1,,,,,,
231,Çankaya-A Batı,Fordent Diş Kliniği,,"Konutkent, 2967. Sk. No:10",0312 236 01 37,38,4.7,,11.4,,,,,,
232,Çankaya-A Batı,Çayyolu ADSP (Konutkent),,"Konutkent, 2965. Cd. No:10",0312 241 14 13,57,4.1,,11.4,,,,,,
233,Çankaya-A Batı,Uzm. Dr. Dt. Tuğba Çınar Türk (Pedodonti),,"Konutkent, 2945 Cd. Hayal Sitesi 25/2",0546 820 75 35,99,4.8,UZMAN,11.6,,,,,,
234,Çankaya-A Batı,Aries Dental Clinic,,"Konutkent, SMK Tower 3028 Cd. 6/94",0312 512 22 74,33,4.9,,11.7,,,,,,
235,Çankaya-A Batı,Doğa Dental ADSP,,"Beytepe, Ametist Life Hayat Sk. D Blok 1/8/1-2",0312 425 91 91,17,4.5,,12.5,,,,,,
236,Çankaya-A Batı,Enda Dental | Ümitköy Çayyolu,,"Beytepe, Ametist, Kanuni Sultan Süleyman Blv. 5/F",0530 515 30 20,129,5.0,,12.5,,,,,,
237,Çankaya-A Batı,Gürses Dental Beytepe ADSP,,"Beytepe, Kanuni Sultan Süleyman Blv No:18 B/3",0507 944 00 43,323,5.0,MEGA LEAD,12.5,,,,,,
238,Çankaya-A Batı,Ümitköy Diş Hekimi - Dt. Mevlüt Batuhan Öğüt,,"Beytepe, Kanuni Sultan Süleyman Blv No:5/F (Ametist Sitesi)",0530 515 30 20,7,4.4,,12.4,,,,,,
239,Çankaya-A Batı,Gürses Dental Beytepe,,"Beytepe, Kanuni Sultan Süleyman Blv. 18B/3",0507 944 00 43,323,5.0,HOT LEAD,12.7,,,,,,
240,Çankaya-A Batı,Dentakay Diş Kliniği Çayyolu,,"Beytepe, Allora Residence, Kanuni Sultan Süleyman 63/C D:10",0312 440 66 07,108,5.0,,12.9,,,,,,
241,Çankaya-A Batı,MISIROĞLU EXCLUSIVE ADSP,,"Beytepe, 5339. sk. No:9",0532 284 95 87,27,4.9,,13.4,,,,,,
242,Çankaya-A Batı,Erdent Beytepe,,"Beytepe, Kanuni Sultan Süleyman 5365 sokak 1 D:1C",0506 033 06 06,39,5.0,,13.4,,,,,,
243,Çankaya-A Batı,Beytepe ALBA Dent,,"Beytepe, 5388. Sokak 1 C-5",0505 787 80 81,124,4.8,,13.4,,,,,,
244,Çankaya-A Batı,DentGEN Ankara Çayyolu,,"Beytepe, 5388 Sokak 1C/18",0539 580 19 23,31,4.7,,13.4,,,,,,
245,Çankaya-A Batı,Beytepe Ortodonti,,"Beytepe, Mira, Kanuni Sultan Süleyman Blv. 5387. Cd. 15/A/55",0312 577 83 83,68,4.8,UZMAN,13.4,,,,,,
246,Çankaya-A Batı,BC Dental Clinic (Dr. Cansuf),,"Beytepe, Kanuni Sultan Süleyman 5387. Cd. 15A/4",0312 543 70 43,58,4.9,UZMAN (Ortognatik),13.4,,,,,,
247,Çankaya-A Batı,Evrensel ADSP Beytepe,,"Beytepe, Piri Reis Cd. AnkaJob Sitesi No:12",0533 296 65 17,37,5.0,,13.7,,,,,,
248,Çankaya-A Batı,Erdent Beytepe ADSP,,"Beytepe, Kanuni Sultan Süleyman Blv 5365 sk no 1 D:1C",0506 033 06 06,39,5.0,,13.8,,,,,,
249,Çankaya-A Batı,DentGEN Ankara Çayyolu Diş Kliniği,,"Beytepe, 5388 Sokak No:1 C No:18",0539 580 19 23,31,4.7,,13.7,,,,,,
250,Çankaya-A Batı,Beytepe ALBA Dent ADSP,,"Beytepe, 5388. Sokak No:1 C-5",0505 787 80 81,124,4.8,,13.6,,,,,,
251,Çankaya-A Batı,Beytepe Ortodonti (Dr. Doğu Alpat Çiçek),,"Beytepe, 5387. Cad Mira, Kanuni Sultan Süleyman Blv 15/A K:14",0312 577 83 83,68,4.8,UZMAN (Ortodonti),13.5,,,,,,
252,Çankaya-A Batı,Mildent ADSP Beytepe,,"Beytepe, Ertuğrul Gazi Blv Entepe İş Mrk No:2D",0532 514 11 50,56,5.0,,14.9,,,,,,
253,Çankaya-A Batı,Karaer Ağız ve Diş Sağlığı Merkezi,,"Beytepe, 1728. Cad 6-18",0553 772 12 34,82,4.9,,16,,,,,,
254,Çankaya-A Batı,DENT İNCEK ADSP,,Şehit Savcı Mehmet Selim Kiraz Blv. No:260E (İncek),0536 285 05 20,105,4.8,,16.3,,,,,,
255,Çankaya-A Batı,CCLDENT İncek,,"Alacaatlı, Kanuni Sultan Süleyman Blv. Rota İncek 141/AI",0312 514 12 34,64,5.0,,15.7,,,,,,
256,Çankaya-A Batı,Dr. Abdullah Özcan,,"İnfo İncek, Alacaatlı, Kanuni Sultan Süleyman Blv. No:128 Kat:9 A/36",0544 144 74 22,37,5.0,,15.7,,,,,,
257,Çankaya-A Batı,Dent idea İncek,,"İncek, 3610 Sok. No:1/D",0540 512 01 11,39,5.0,,16.9,,,,,,
258,Çankaya-A Batı,CCLDENT İncek/Alacaatlı Diş Kliniği,,"Alacaatlı, Kanuni Sultan Süleyman Blv Rota İncek 141/AI",0312 514 12 34,64,5.0,,17.1,,,,,,
259,Gölbaşı,İncek Dentaltun ADSP,Kızılcaşar/İncek,Bağlar Cd. No:15,0552 222 03 47,416,5.0,Özel - MEGA LEAD,17.7,,,,,,
260,Çankaya-A Batı,İncek Dentaltun ADSP,,"Kızılcaşar, Bağlar Cd. No:15 (Gölbaşı sınırı)",0552 222 03 47,416,5.0,HOT LEAD (sınır),18,,,,,,
261,Gölbaşı,DENT İNCEK ADSP,İncek,Şehit Savcı M. Selim Kiraz Blv No:260E,0536 285 05 20,105,4.8,Özel,18.7,,,,,,
262,Gölbaşı,İNCEK DİŞ KLİNİĞİ,Kızılcaşar/İncek,Başlar Cd. No:1/1 D:3,0506 094 66 96,7,3.9,Özel,18.8,,,,,,
263,Gölbaşı,Denthaus ADSP - Ankara (İncek),Kızılcaşar/İncek,İncek Blv No:406 D:50 (Küme Evleri),0552 822 25 95,250,5.0,Özel - HOT LEAD,17.5,,,,,,
264,Gölbaşı,Estedent ADSP,Karşıyaka,Haymana Yolu Blv. No:136/4,0312 484 44 88,46,4.9,Özel,23.1,,,,,,
265,Gölbaşı,DentaCenter Gölbaşı A.Klinik,Karşıyaka,İlkokul Sk. No:7 D:1,0444 39 21,470,4.9,Özel - MEGA LEAD,23.3,,,,,,
266,Gölbaşı,Bendis ADSP (Gölbaşı/İncek),Gaziosmanpaşa,Ankara Cd. NO:66E,0549 581 20 23,237,4.9,Özel - HOT LEAD,23.7,,,,,,
267,Gölbaşı,Özel Gölbaşı ADSP,Gaziosmanpaşa,Ankara Cd. No:66/A,0552 635 85 86,106,4.6,Özel,23.7,,,,,,
268,Gölbaşı,Diş Hekimi Dr. Burcu Yaluğ,Gaziosmanpaşa,Ankara Cd. 82/5,0312 485 70 20,0,-,Özel,23.8,,,,,,
269,Gölbaşı,Özel Gölbaşı DentADent ADSP,Şafak,914. Sk. (Yapı Kredi yanı),0530 484 53 47,75,3.8,Özel,23.8,,,,,,
270,Gölbaşı,Etkin Diş Kliniği,Gaziosmanpaşa,Ankara Cad. 375. Sok. No:2 D:1-2,0312 484 18 40,33,4.2,Özel,24,,,,,,
271,Gölbaşı,Merve Yöney Diş Kliniği,Bahçelievler,Cumhuriyet Cd. 1A,0554 713 77 27,27,5.0,Özel,24.4,,,,,,
272,Gölbaşı,Gölbaşı Özel Elal Dent ADSP,Segmenler,Oğuz Kağan Usta Cd 115B,0544 373 90 97,135,5.0,Özel,24.6,,,,,,
273,Gölbaşı,Hakan Erdoğan Muayenehanesi,Bahçelievler,281. Cadde no:90/B,0505 680 96 06,18,4.8,Özel,25.2,,,,,,
274,Gölbaşı,Estetik Dent Ağız ve Diş Sağlığı Merkezi,Segmenler,Şht. Abdullah Yıldız Sk. No:41,0505 211 00 11,4,5.0,Özel,24.8,,,,,,
275,Gölbaşı,Özel UZAY ADSP,Segmenler,Cumhuriyet Cd. 146 AB,0533 919 42 22,94,4.5,Özel,25.4,,,,,,
276,Çankaya-D Güney,Dent Oran ADSP,,"Oran, Türk-Japon Vakfı Ferit Recai Ertuğrul Cd No:2 D:h",0312 490 03 00,51,4.2,,20.1,,,,,,
277,Çankaya-D Güney,Uzm. Dr. Dt. Kıvanç Karadayı,,"Oran, Ferit Recai Ertuğrul Cd No:2 D:h (Dent Oran)",0312 490 03 00,1,5.0,UZMAN,20.1,,,,,,
278,Çankaya-D Güney,Dr. Dt. Ahu Güngör Acar (Ortodonti Uzm.),,"Oran, Park Oran Ofis Kudüs Cd. No:10 K:32",0312 491 67 11,26,4.8,UZMAN (Ortodonti),20.4,,,,,,
279,Çankaya-D Güney,Dental Estetik Center (Park Oran),,"Oran, Park Oran Ofis Kudüs Cd. (Dr. Güzin Kirsacoglu)",0312 419 43 56,1126,5.0,MEGA MEGA LEAD,20.4,,,,,,
280,Çankaya-D Güney,Funda Sarıkaya ADSP - Park Oran,,"Oran, Park Oran Ofis No:70, Kudüs Cd. No:1 D:21",0312 911 60 36,144,4.9,HOT LEAD,20.5,,,,,,
281,Çankaya-D Güney,Funda Sarıkaya Ortodonti Uzm.,,"Oran, Park Oran Evleri No:180 T-2",0312 870 14 70,24,4.8,UZMAN (Ortodonti),20.5,,,,,,
282,Çankaya-D Güney,Invisalign Şeffaf Plak Kliniği (Funda Sarıkaya),,"Oran, Park Oran Evleri No:180 T-2",0312 870 14 70,47,4.9,UZMAN (Ortodonti),20.5,,,,,,
283,Çankaya-D Güney,Invisalign Tedavisi - Analiz Dent (Şube),,"Sinpaş Altınoran, İlkbahar Çarşı No:4D",0539 324 70 20,7,5.0,UZMAN (Ortodonti),21.3,,,,,,
284,Çankaya-D Güney,Analiz Dent İlkbahar Çarşı,,"Sinpaş Altınoran, İlkbahar Çarşı No:4D",0553 628 08 28,127,4.9,HOT LEAD,21.7,,,,,,
285,Çankaya-D Güney,Analiz Dent ADSP - İlkbahar Çarşı,,"Sinpaş Altınoran, İlkbahar, Çarşı No:4D",0553 628 08 28,127,4.9,HOT LEAD,21.7,,,,,,
286,Çankaya-D Güney,Dt. Didem Önder,,"İlkbahar, Turan Güneş Blv. 596. Sk. 75/A",0536 575 86 38,3,5.0,,20.8,,,,,,
287,Çankaya-D Güney,Masterdent Diş Kliniği (Prof. Bahadır Giray),,"İlkbahar, 596. Sk. No:75",0312 490 28 18,38,4.2,UZMAN,20.8,,,,,,
288,Çankaya-D Güney,Neşeli Dişler ADSP (Zeliha Bektaş),,"Yukarı Dikmen, Turan Güneş Blv. No:106D (Yıldız Kule)",0532 221 12 88,104,5.0,HOT LEAD,20.6,,,,,,
289,Çankaya-D Güney,Uzm. Dt. Zeliha Bektaş (Ortodonti),,"Yukarı Dikmen, Turan Güneş Blv. Yıldız Kule No:106D",0532 221 12 88,118,5.0,UZMAN (Ortodonti),20.6,,,,,,
290,Çankaya-D Güney,Dentura ADSP (Çene Cer.+Ortodonti+İmplant),,"İlkbahar, Turan Güneş Blv. No:65/A",,168,4.9,HOT LEAD (Çoklu Uzman),20.7,,,,,,
291,Çankaya-D Güney,Diş Hekimi Eylem TOP,,"İlkbahar Mh, Konrad Adenauer Cd 592. Sk. Bulut Apt D:7/1",0532 785 68 67,7,3.9,,20.8,,,,,,
292,Çankaya-D Güney,Diş Hekimi Fatih/Sarah Kundakçı (SL Dental),,"Hilal, Rabindranath Tagore Cd. 78/A",0850 474 8175,19,5.0,,20.5,,,,,,
293,Çankaya-D Güney,Dişhekimi Nihat Yalçın,,"Yıldızevler, Sukarno Cd. No:9/5",0531 236 26 84,68,4.9,,20.5,,,,,,
294,Çankaya-D Güney,Dental Klinik ADSP (Dr. Talal),,"Hilal, Rabindranath Tagore Cd. No:50/B",0312 442 02 82,9,4.8,,20.4,,,,,,
295,Çankaya-D Güney,İPEK DENTAL ADSP,,"Hilal, Rabindranath Tagore Cd. No:50 D:B",0537 512 31 18,32,5.0,,20.4,,,,,,
296,Çankaya-D Güney,Dent Yıldız ADSP,,"Hilal, Rabindranath Tagore Cd. Can Apt No:67/A",0505 630 08 22,131,5.0,HOT LEAD,20.4,,,,,,
297,Çankaya-D Güney,BARIŞ DENT - Diş Hekimi,,"Sancak, Turan Güneş Blv. No:72",0507 695 06 56,2,5.0,,20.5,,,,,,
298,Çankaya-D Güney,i-klinik Ankara ADSP (Dr. İbrahim),,"Yıldızevler, Turan Güneş Blv. Özaltın Apt D:52/A",0505 557 13 14,32,4.3,,20.5,,,,,,
299,Çankaya-D Güney,Diş Hekimi Mehtap Bağdatoğlu,,"Yıldızevler, Cezayir Cd. No:6/3",0545 322 59 26,6,5.0,,20.3,,,,,,
300,Çankaya-D Güney,Özel Dentameda ADSP,,"Yıldızevler, Turan Güneş Blv. Rabindranath Tagore Cd No:26/12",0312 441 63 53,10,4.7,,20.3,,,,,,
301,Çankaya-D Güney,Diş Hekimi (Dudu),,"Sancak, Turan Güneş Blv. D:20",0312 439 16 31,2,5.0,,20.5,,,,,,
302,Çankaya-D Güney,Diş Hekimi Nurşen Işık Gezgin,,"Sancak Mh, 512. Sk. No:1/19",0312 439 40 01,0,-,,20.5,,,,,,
303,Çankaya-D Güney,Dr. Murat Mavili,,"Yıldızevler, Turan Güneş Blv. No:22 D:16",0312 441 69 74,21,4.8,,20.4,,,,,,
304,Çankaya-D Güney,Diş Hekimi Alpay Güzel,,"Yıldızevler, Turan Güneş Blv. 14/6",0535 569 45 28,0,-,,20.4,,,,,,
305,Çankaya-D Güney,Diş Hekimi Ayşe Çam,,"Yıldız Mh, Turan Güneş Blv. 14/14 D:5 (Arslanca İş Merkezi)",0312 439 93 70,7,5.0,,20.4,,,,,,
306,Çankaya-D Güney,Özel HC ADSP (Dr. Arif),,"Yıldızevler, 708. Sk. 20/A",0312 442 40 04,44,4.9,,20.3,,,,,,
307,Çankaya-D Güney,Dr. Dt. Gürkan Erenel Diş Kliniği,,"Yıldızevler, Rabindranath Tagore Cd. No:7 D:75 (Kuzu Kumru Rez.)",0544 406 02 29,37,4.8,,20.1,,,,,,
308,Çankaya-D Güney,Özel Çankaya Hikmet Bozyel ADSM,,"Yıldızevler, Rabindranath Tagore Cd. Yunus Ensari İş Merkezi 10/2",0312 442 20 57,68,4.9,,20,,,,,,
309,Çankaya-D Güney,KLİNİK K&Y ADSP,,"Sancak, Turan Güneş Blv. No:1/A",0532 392 06 59,50,5.0,,20.4,,,,,,
310,Çankaya-D Güney,Özel Dental National ADSP,,"Birlik, Podgoritsa Cd 3/A",0544 496 54 24,67,4.8,,20.8,,,,,,
311,Çankaya-D Güney,Diş Hekimi Rana Kuzu,,"Birlik, Podgoritsa Cd No:22/B",0312 495 66 33,84,4.9,,21,,,,,,
312,Çankaya-D Güney,Dr. Dt. Rana Kuzu,,"Birlik, Podgoritsa Cd No:22/B",0312 495 66 33,84,4.9,,21,,,,,,
313,Çankaya-D Güney,Özel Polat ADSP,,"Birlik, 448. Cd. 75/C",0543 898 50 68,56,5.0,,21.4,,,,,,
314,Çankaya-D Güney,Platinum ADSP Birlik,,"Birlik, 448. Cd. Şht. Sadık Erişen Sk. No:55/2",0312 496 49 61,185,4.9,HOT LEAD,21.4,,,,,,
315,Çankaya-D Güney,Platinum ADSP Ankara (Birlik),,"Birlik, Şht. Sadık Erişen Sk. No:55/2 (448. Cad)",0312 496 49 61,185,4.9,HOT LEAD,21.4,,,,,,
316,Çankaya-D Güney,Dentics,,"Birlik, 468. Sk. No:76",,0,-,,21.1,,,,,,
317,Çankaya-D Güney,Uzm. Dt. Zeynep Türkmen,,"Birlik, 483. Sk. 2/A",,32,5.0,UZMAN,21.6,,,,,,
318,Çankaya-C Merkez,Diş Hekimi Mesut Yalçın,,"Büyükesat, Uğur Mumcu Cd. No:45",0532 625 94 51,7,5.0,,20.2,,,,,,
319,Çankaya-C Merkez,HLC Dental ADSP,,"Kazım Özalp, Uğur Mumcu Cd. No:8",0312 436 60 06,230,4.9,HOT LEAD,19.9,,,,,,
320,Çankaya-C Merkez,Özel G.O.P Dental ADSP,,"Kazım Özalp, Gaziosmanpaşa, Reşit Galip Cd. No:89",0312 468 04 04,14,5.0,,19.8,,,,,,
321,Çankaya-C Merkez,"Dr. M. Burak Kirişci (Estelite, Çene Cer.)",,"Gaziosmanpaşa, Nenehatun Cd No:96 D:2",0312 436 69 92,2,5.0,UZMAN (Çene Cer.),19.6,,,,,,
322,Çankaya-C Merkez,Dt. Yalçın Erdin Diş Kliniği,,"Gaziosmanpaşa, Filistin Cd. No:2 D:3",0312 468 80 88,47,4.8,,19.4,,,,,,
323,Çankaya-C Merkez,Prof.Dr. Mustafa Kemal Ünsal ADSP,,"Gaziosmanpaşa, Filistin Cd. No:2 D:8",0506 382 52 27,16,4.9,,19.4,,,,,,
324,Çankaya-C Merkez,Dental Clinic Medikodent,,"Gaziosmanpaşa, Beyaz Zambaklar Sk. Kat:1 No:6 D:3-4",0312 467 09 01,163,4.9,HOT LEAD,19.4,,,,,,
325,Çankaya-C Merkez,MED-DİŞ ADSP,,"Gaziosmanpaşa, Borazan Sk. No:8",0312 427 27 24,70,4.5,,19.2,,,,,,
326,Çankaya-C Merkez,Çocuk Diş Hekimi Prof. Dr. Zafer Çehreli,,"Barbaros, İran Cd. No:6 D:3",0532 370 75 17,48,4.8,UZMAN (Pedodonti),19,,,,,,
327,Çankaya-C Merkez,Dent-in Ankara ADSP,,"Gaziosmanpaşa, Tahran Cd. No:4/9",0312 439 38 39,33,4.8,,18.9,,,,,,
328,Çankaya-C Merkez,Uzm. Dr. Gökçen Sargın Durakoğlu (Protez Uzm.),,"Gaziosmanpaşa, Tahran Cd. 4/9",0312 439 38 39,4,5.0,UZMAN (Protez),18.9,,,,,,
329,Çankaya-C Merkez,Dişhekimi Sadık & Y. Emre Meral (Ortodonti+Protez Uzm.),,"Kavaklıdere, İran Cd. Konur İş Merkezi Kat:1 No:13 D:9",0312 467 04 44,68,4.8,UZMAN,18.8,,,,,,
330,Çankaya-C Merkez,RİDENS ADSP,,"Kavaklıdere, Buğday Sk. No:6 D:32",0312 426 73 32,18,4.9,,18.7,,,,,,
331,Çankaya-C Merkez,C. Dent Oral and Maxillofacial Clinic,,"Kavaklıdere, Tunalı Hilmi Cd. No:5 D:4 (Buğday Sk)",0312 468 09 80,30,4.9,UZMAN (Çene Cer.),18.7,,,,,,
332,Çankaya-C Merkez,"Uzm.Dr². Tansu Erakman Dental Klinik (Çene Cer., 2 Doktora)",,"Barbaros, Buğday Sk. No:2 D:1",0532 550 22 76,225,4.8,HOT LEAD (Uzman/Çene Cer.),18.7,,,,,,
333,Çankaya-C Merkez,Dr. Semih Süreyya Yazıcı,,"Kavaklıdere, Abay Kunanbay Cd. No:6 D:7",0312 466 55 77,73,4.9,,18.6,,,,,,
334,Çankaya-C Merkez,Tunalı Ağız ve Diş Sağlığı Polikliniği,,"Barbaros, Tunalı Hilmi Cd. No:105/4",0544 916 08 65,67,5.0,,18.6,,,,,,
335,Çankaya-C Merkez,Uzm.Dt.Zehra Yurdakul (Ortodonti),,"Barbaros, Tunalı Hilmi Cd. No:103/3",0537 612 18 58,29,5.0,UZMAN (Ortodonti),18.5,,,,,,
336,Çankaya-C Merkez,Dentapros Tunalı,,"Remzi Oğuz Arık, Tunalı Hilmi Cd. No:90 D:12",0312 911 13 96,234,4.5,HOT LEAD,18.5,,,,,,
337,Çankaya-C Merkez,Özel Orto-Dent ADSP (Ortodonti),,"Kavaklıdere, Tunalı Hilmi Cd. No:92 D:15",0312 427 01 06,9,4.6,UZMAN (Ortodonti),18.5,,,,,,
338,Çankaya-C Merkez,Dentess ADSP (Ortodonti),,"Remzi Oğuz Arık, Tunalı Hilmi Cd. No:94 D:12",0312 467 67 99,7,5.0,UZMAN (Ortodonti),18.5,,,,,,
339,Çankaya-C Merkez,Dentapol Ankara,,"Kavaklıdere, Tunalı Hilmi Cd. No:84 Kat:1",0850 259 0444,440,4.9,MEGA LEAD,18.5,,,,,,
340,Çankaya-C Merkez,Dent Ankara Ağız ve Diş Sağlığı,,"Remzi Oğuz Arık, Tunalı Hilmi Cd. No:82",0505 777 06 84,251,4.8,HOT LEAD,18.5,,,,,,
341,Çankaya-C Merkez,"Dr. Dt. Ece Öztoprak (Pedodonti, Sedasyon)",,"Kavaklıdere, Tunalı Hilmi Cd. 82/3",0505 777 06 84,10,5.0,UZMAN (Pedodonti),18.5,,,,,,
342,Çankaya-C Merkez,HF Dental ADSP,,"Remzi Oğuz Arık, Tunalı Hilmi Cd. No:80 Kat:3 D:2",0312 466 94 66,43,4.7,,18.5,,,,,,
343,Çankaya-C Merkez,Ankara Tunalı Diş Hekimi Pakize Ceyran Gençer,,"Kavaklıdere, Tunalı Hilmi Cd. No:81/3",0507 019 01 93,196,4.8,HOT LEAD,18.5,,,,,,
344,Çankaya-C Merkez,Dr.Dt.Burak Bulmuş Kliniği,,"Barbaros, Bülten Sk. No:21 D:6 (Tunalı Hilmi)",0532 423 42 58,70,5.0,,18.5,,,,,,
345,Çankaya-C Merkez,Dr. Hilal Sanli,,"Barbaros, Büklüm Cd No:54/8 (Tunalı Hilmi)",0532 687 18 05,180,4.9,HOT LEAD,18.5,,,,,,
346,Çankaya-C Merkez,Dr. Ramazan Dağ,,"Remzi Oğuz Arık, Tunalı Hilmi Cd. 70/17",0531 873 38 70,44,5.0,,18.5,,,,,,
347,Çankaya-C Merkez,Dr. Tamer Eroğlu,,"Kavaklıdere, Tunalı Hilmi Cd. 70/22",0312 467 52 72,16,4.8,,18.5,,,,,,
348,Çankaya-C Merkez,Dr. Dt. Yiğit Aydoğanlı ADSP,,"Remzi Oğuz Arık, Tunalı Hilmi Cd. No:68/22",0312 466 41 45,23,5.0,,18.4,,,,,,
349,Çankaya-C Merkez,Dr. Özlem Sancak (Ortodonti Uzm.),,"Remzi Oğuz Arık, Tunalı Hilmi Cd. No:70 D:24",0312 466 67 65,62,5.0,UZMAN (Ortodonti),18.5,,,,,,
350,Çankaya-C Merkez,Erhan Özdiler Diş Polikliniği,,"Kavaklıdere, Remzi Oğuz Arık, Bülten Sk. No:8/6",,59,4.6,,18.4,,,,,,
351,Çankaya-C Merkez,Uzman Diş Hekimi Çağatay Çakar (Dentapol içi),,"Remzi Oğuz Arık, Tunalı Hilmi Cd. No:84 Kat:1",0505 576 04 57,31,4.9,UZMAN,18.4,,,,,,
352,Çankaya-C Merkez,Dt. Özlem Gökalp,,"Kavaklıdere, Bestekar Cd 78/1",0312 467 24 77,51,4.9,,18.3,,,,,,
353,Çankaya-C Merkez,Evrensel Ağız ve Diş Sağlığı Merkezi,,"Kavaklıdere, Remzi Oğuz Arık, Tunalı Hilmi Cd. No:60 D:6",0312 466 19 95,467,5.0,MEGA LEAD,18.4,,,,,,
354,Çankaya-C Merkez,Dr. Gözde Çobanoğlu (Invisalign),,"Kavaklıdere, John F. Kennedy Cd. No:24/3",0553 774 73 33,58,4.6,UZMAN (Ortodonti),18.4,,,,,,
355,Çankaya-C Merkez,Dr. Zeynel Erdoğan,,"Barbaros, Tunalı Hilmi Cd. Çelikler İş Merkezi No:91/107",0533 350 56 48,29,5.0,,18.4,,,,,,
356,Çankaya-C Merkez,Dt. Özgün Eylem Karadağ (24h),,"Barbaros, Esat Cd. 64/2",0312 417 59 63,120,4.5,HOT LEAD (24/7),18.5,,,,,,
357,Çankaya-C Merkez,Dr. Serpil Buyurgan,,"Barbaros Mh, Esat Cd. No:64 D:3",0312 425 85 00,8,4.0,,18.5,,,,,,
358,Çankaya-C Merkez,Diş Hekimi Haluk Çağırman,,"Esatoğlu, Yaprak Sokağı",0312 425 25 55,0,-,,18.5,,,,,,
359,Çankaya-C Merkez,Dr. Tuncay Akdoganli,,"Kavaklıdere, Esat Cd. No:67 D:1",0312 425 67 17,3,5.0,,18.3,,,,,,
360,Çankaya-C Merkez,Diş Hekimi Fethiye Güven,,"Kavaklıdere, Bestekar Cd No:17",0312 417 57 54,4,5.0,,18.1,,,,,,
361,Çankaya-C Merkez,Dt. Ezgi Taşkaya Özgür,,"Kavaklıdere, Büklüm Cd No:4",,4,5.0,,18,,,,,,
362,Çankaya-C Merkez,Dent Hospital,,"Kavaklıdere, Esat Cd. No:11",0501 325 35 35,136,4.2,HOT LEAD,17.8,,,,,,
363,Çankaya-C Merkez,Dişhekimi Fikret Memiş,,"Kavaklıdere, Akay Cd. Konur Sok. 52/4",0532 732 56 28,0,-,,17.8,,,,,,
364,Çankaya-C Merkez,Diş Hekimi Hasan Güngör,,"Kavaklıdere, Olgunlar Cd. No:2",0507 788 06 00,7,5.0,,17.6,,,,,,
365,Çankaya-C Merkez,Diş Hekimi İsmihan Pişkin,,"Kavaklıdere, Olgunlar Cd. No:2 D:16",0312 236 04 16,1,5.0,,17.6,,,,,,
366,Çankaya-C Merkez,Dr.Dt. Enver Akın Özkan (Ortodonti),,"Kavaklıdere, Olgunlar Cd. No:2",0507 788 06 00,114,4.9,UZMAN (Ortodonti),17.6,,,,,,
367,Çankaya-C Merkez,Dentaş Ağız ve Diş Sağlığı Polikliniği,,"Meşrutiyet, Karanfil Sk. 38/4",0312 425 09 80,174,4.8,HOT LEAD,17.6,,,,,,
368,Çankaya-C Merkez,Diş Hekimi Mücahit Selvi,,"Kızılay, Konur Sok. No:32/5",0312 419 23 03,0,-,,17.7,,,,,,
369,Çankaya-C Merkez,Dt. Melek Kazanç,,"Meşrutiyet, Konur Sok. Haseki Apt D:39/6",0506 371 29 99,215,4.9,HOT LEAD,17.7,,,,,,
370,Çankaya-C Merkez,Özel Kızılay ADSP,,"Meşrutiyet, Konur Sok. No:35",0312 418 18 14,2,5.0,,17.7,,,,,,
371,Çankaya-C Merkez,Dr. Engin Ersoz,,"Kızılay, Meşrutiyet Cd. No:16 D:6",0312 418 15 05,79,4.9,,17.7,,,,,,
372,Çankaya-C Merkez,Dent Kızılay Estetik ve İmplantoloji,,"Meşrutiyet, Selanik Cd No:60 Kat:3",0312 425 73 15,32,4.1,,17.7,,,,,,
373,Çankaya-C Merkez,Diş Hekimi Ömer Büyüksağın,,"Kocatepe, Selanik Cd No:33 D:9",0312 418 93 03,1,5.0,,17.6,,,,,,
374,Çankaya-C Merkez,Diş Hekimi Nejat Altınok,,"Kocatepe, Selanik Cd 21/2",0312 425 27 27,2,5.0,,17.5,,,,,,
375,Çankaya-C Merkez,Dr. Muzaffer Katar,,"Kızılay, Selanik Cd No:28 D:13",0312 425 82 02,3,5.0,,17.5,,,,,,
376,Çankaya-C Merkez,Diş Hekimi Samet Kadir,,"Kızılay, Selanik Cd No:26 D:12",0312 419 06 00,42,5.0,,17.5,,,,,,
377,Çankaya-C Merkez,Diş Hekimi Ömer Burak Bulut,,"Kızılay, Karanfil Sk. No:3 D:47 4.kat",0537 665 03 89,52,4.7,,17.4,,,,,,
378,Çankaya-C Merkez,Diş Hekimi Şefik Kılınç,,"Meşrutiyet, Karanfil Sk. No:1/303 (Nurettin Bey İşhanı K:3)",0312 432 32 12,1,5.0,,17.4,,,,,,
379,Çankaya-C Merkez,Oraldent Diş Polikliniği,,"Cumhuriyet, Sakarya Cd. Ali Nazmi İşhanı No:1/15",0507 261 62 06,69,5.0,,17.3,,,,,,
380,Çankaya-C Merkez,Aykaç Diş Kızılay,,"Cumhuriyet, Selanik Caddesi 1/12",0544 295 22 23,8,5.0,,17.3,,,,,,
381,Çankaya-C Merkez,Özel Dentcity ADSP,,"Kızılay, Atatürk Blv No:72",,32,4.9,,17.2,,,,,,
382,Çankaya-C Merkez,Diş Hekimi Vahide Sinem Aliustaoğlu,,"Kızılay, İzmir-1 Cd. No:24/5",0312 430 30 36,11,5.0,,17.1,,,,,,
383,Çankaya-C Merkez,Diş Hekimi (Demet/Kenan),,Kızılay merkez,0532 419 88 06,70,4.8,,17.2,,,,,,
384,Çankaya-C Merkez,Diş Hekimi Burak Çintaş Muayenehanesi,,"Kızılay, Şht. Adem Yavuz Sk. 8/17",0850 474 7457,13,5.0,,17.1,,,,,,
385,Çankaya-C Merkez,Ersoz Ağız ve Diş Sağlığı Merkezi,,"Kızılay, Şht. Adem Yavuz Sk. No:12",0312 419 69 69,600,4.9,MEGA LEAD,17.1,,,,,,
386,Çankaya-C Merkez,Diş Hekimi Alperen Ünal,,"Kızılay, Şht. Adem Yavuz Sk. No:11 D:1",0543 224 92 42,61,5.0,,17.2,,,,,,
387,Çankaya-C Merkez,Diş Hekimi Fikri Mehmet Çavuş,,"Kızılay, İzmir-2 Cd. 45/5",0312 419 50 55,10,5.0,,17.1,,,,,,
388,Çankaya-C Merkez,Dizayn Dental Kızılay,,"Kızılay, Kumrular Cd. No:16 D:B",0501 048 98 98,385,5.0,MEGA LEAD (Acil),17,,,,,,
389,Çankaya-C Merkez,32 DENT ADSP Kızılay Şube,,"Kızılay, Kumrular Cd. 28/A",0312 466 37 61,17,5.0,,16.9,,,,,,
390,Çankaya-C Merkez,Özel Doruk ADSP,,"Kızılay, Fevzi Çakmak-2 Sk. 32/24-29",0312 232 41 81,13,5.0,,16.8,,,,,,
391,Çankaya-C Merkez,Özel Meslife Dent ADSP Kızılay,,"Kızılay, Fevzi Çakmak-2 Sk. No:30 D:B",0553 336 63 88,67,3.9,,16.8,,,,,,
392,Çankaya-C Merkez,Özel Ankara Mavi ADSP Kızılay Şubesi,,"Maltepe, Gazi Mustafa Kemal Blv. No:39/14",0312 231 00 12,89,4.0,,16.7,,,,,,
393,Çankaya-C Merkez,Talat Orhan Diş Hekimi,,"Korkutreis, Sezenler Sk.",0312 231 61 62,2,5.0,,16.9,,,,,,
394,Çankaya-C Merkez,Diş Hekimi Halime Demir,,"Korkutreis, Sezenler Sok. 12/19 Sıhhiye",0312 232 20 95,27,4.7,,16.9,,,,,,
395,Çankaya-C Merkez,ÖZTAN YASUN Diş Muayenehanesi,,"Korkutreis, Sezenler Sk. No:4 D:3",0532 477 43 91,6,5.0,,17,,,,,,
396,Çankaya-C Merkez,Dişişleri ADSP,,"Cumhuriyet Mh, Kızılay, Atatürk Blv No:53/1",0532 723 73 01,38,4.6,,17.2,,,,,,
397,Çankaya-C Merkez,Diş Hekimi Süleyman Yüksel,,"Fidanlık, Sakarya Cd. No:32/4",,6,4.7,,17.6,,,,,,
398,Çankaya-C Merkez,Dt. İlyas Cengiz Suadioğlu,,"Fidanlık, Ziya Gökalp Cd. 31/2 (Aytun Apt)",0543 593 47 66,29,5.0,,17.7,,,,,,
399,Çankaya-C Merkez,Diş Hekimi Dr.Tayfun Işıksalan,,"Kültür, Mithatpaşa Cd. No:49 D:6",0555 033 53 96,35,5.0,,17.7,,,,,,
400,Çankaya-C Merkez,Diş Hekimi Zeynep Yıldız,,"Kızılay, Mithatpaşa Cd. No:54/14",0541 129 23 59,50,5.0,,17.7,,,,,,
401,Çankaya-C Merkez,FT ADSP,,"Kızılay, Mithatpaşa Cd. No:56 D:12",0546 126 56 12,4,5.0,,17.8,,,,,,
402,Çankaya-C Merkez,Dent|idea Kızılay (Dr. Bülent/Barkın),,"Kızılay, Mithatpaşa Cd. 62/9",0312 417 52 93,9,4.6,,17.8,,,,,,
403,Çankaya-C Merkez,Dt. Demet Şen Dağlı (Gülüş Estetiği),,"Kızılay, Mithatpaşa Cd. No:57 D:4 2.Kat",0533 779 70 40,51,5.0,,17.8,,,,,,
404,Çankaya-C Merkez,Dt. Selahattin Türkan,,"Kızılay, Meşrutiyet Cd. 29/8",0532 736 29 41,102,4.8,,17.8,,,,,,
405,Çankaya-C Merkez,Dişhekimi Gürsel Sayıner,,"Kocatepe, Bayındır-2 Sk. 54/9",0312 418 97 87,7,5.0,,17.8,,,,,,
406,Çankaya-C Merkez,Dt. Cemal Seçkin,,"Kocatepe, Meşrutiyet Cd. No:32/8 Kat:4",0312 212 39 39,114,4.8,,17.8,,,,,,
407,Çankaya-C Merkez,Dt. Gözde Zeyrek Diş Kliniği,,"Kültür Mh, Kızılay, Meşrutiyet Cd. 36A D:20",0545 423 68 14,51,4.3,,17.9,,,,,,
408,Çankaya-C Merkez,Diş Doktoru Hıdır Öztürk,,"Kocatepe, Bayındır-2 Sk. 40/6",0850 811 3161,5,5.0,,17.6,,,,,,
409,Çankaya-C Merkez,Dişhekimi Halil Ercan,,"Kızılay, Karanfil Sk. No:25 D:12",0312 425 95 99,3,5.0,,17.5,,,,,,
410,Çankaya-C Merkez,Kızılay Diş Kliniği (Ramazan/Gülnur),,"Kızılay, Atatürk Blv No:115/28",0537 655 26 30,25,5.0,,17.4,,,,,,
411,Çankaya-C Merkez,Dr. Salih Saraçgil,,"Kızılay, Selanik Cd Tankut İş Merkezi No:82 D:13",0312 418 60 14,12,4.8,,17.8,,,,,,
412,Çankaya-C Merkez,Önder Öztürk Diş Hekimi,,"Kavaklıdere, Atatürk Blv No:165 D:B",0533 580 30 22,24,4.8,,17.7,,,,,,
413,Çankaya-C Merkez,DentGEN Ankara Çankaya Diş Kliniği,,"Kavaklıdere, Atatürk Blv No:165/B",0533 580 30 22,488,4.9,MEGA LEAD,17.7,,,,,,
414,Çankaya-C Merkez,Uzm. Dt. Alper Taşkaldıran (Çene Cer.),,"Kavaklıdere, Atatürk Blv No:169 Tunus Cad. No:10 K:3 D:40",0532 723 19 83,114,4.6,UZMAN (Çene Cer.),17.8,,,,,,
415,Çankaya-C Merkez,MİNEDENT ADSP,,"Kavaklıdere, Atatürk Blv No:175/14",0312 419 57 25,82,4.5,,17.8,,,,,,
416,Çankaya-C Merkez,Makrodent Ortodonti - Dr. Hakan Demirel,,"Kavaklıdere, Atatürk Blv Çakmak Apt No:177 D:1-4",0501 559 47 78,123,4.7,UZMAN (Ortodonti),17.8,,,,,,
417,Çankaya-C Merkez,Dentaplant ADSP,,"Kavaklıdere, Güvenlik Cd. No:15/A",0312 419 91 00,12,4.6,,17.8,,,,,,
418,Çankaya-C Merkez,Özel Milimetrik ADSP,,"Remzi Oğuz Arık, Güvenlik Cd. 57 A",0312 652 70 70,152,5.0,HOT LEAD,18,,,,,,
419,Çankaya-C Merkez,Diş Hekimi Aykut Girgin,,"Ayrancı, Güvenlik Cd. No:24/1",0537 479 77 85,65,4.9,,18,,,,,,
420,Çankaya-C Merkez,Dr. Funda Ersöz (Restoratif Diş Tedavisi Uzm.),,"Ayrancı, Hoşdere Cd. No:1 D:7",0312 466 78 08,191,4.7,HOT LEAD (Uzm.),17.7,,,,,,
421,Çankaya-C Merkez,Diş Hekimi Gülşen İrem Kavaklı,,"Ayrancı, Hoşdere Cd. 49/4",0506 700 71 06,8,5.0,,18,,,,,,
422,Çankaya-C Merkez,Diş Hekimi Selçuk Turancı,,"Ayrancı, Reşat Nuri Cd No:2",0312 426 88 38,10,4.6,,18,,,,,,
423,Çankaya-C Merkez,Özel Klinik 99 ADSP,,"Güvenevler, Güvenlik Cd. No:99 A-B",0540 640 60 06,57,5.0,,18.3,,,,,,
424,Çankaya-C Merkez,Uzm. Dt. Zeynep Şahin (Pedodonti),,"Güvenevler, Farabi Sk. No:42 D:3",0542 466 08 36,85,4.9,UZMAN (Pedodonti),18.6,,,,,,
425,Çankaya-C Merkez,Famiy Smile (Pedodonti/Ortodonti),,"Güvenevler, Farabi Sk. No:42 D:3",0542 466 08 36,30,4.9,UZMAN (Pedodonti),18.6,,,,,,
426,Çankaya-C Merkez,Uzm. Dr. Dt. Sinan Akçiçek,,"Çankaya, Üsküp Cd. No:13/1",0505 731 08 13,98,5.0,UZMAN (Kanal),18.9,,,,,,
427,Çankaya-C Merkez,Atakule Dent ADSP,,"Aziziye, Ahenk Sk. 7/B",0534 506 33 68,67,4.6,,18.8,,,,,,
428,Çankaya-C Merkez,Diş Hekimi S. Serpil Kasman,,"Ayrancı, Hoşdere Cd. No:144 İç Kapı No:1",0552 840 77 35,13,5.0,,18.3,,,,,,
429,Çankaya-D Güney,Özel DENTVİSTA ADSP,,"Aziziye, Hoşdere Cd. No:149/B",0544 438 78 89,251,5.0,HOT LEAD,18.5,,,,,,
430,Çankaya-C Merkez,Ankara Diş Hekimi Bilal Turgut,,"Aziziye, Hoşdere Cd. No:171 D:B",0850 474 8149,87,4.9,,18.8,,,,,,
431,Çankaya-B Çukurambar/Balgat,DENTANORM Implants Cosmetic Dental Clinic,,"Güzeltepe, Hoşdere Cd. 216/1",0535 108 51 51,76,3.3,,19.1,,,,,,
432,Çankaya-C Merkez,Çocuk Diş Hekimi Prof. Dr. Sevi Burçak Çehreli,,"Çankaya, Çankaya Cd. No:4/6",0530 201 88 68,79,4.7,UZMAN (Pedodonti),19.3,,,,,,
433,Çankaya-D Güney,TETRADENT ADSP,,"İlkadım, Dikmen Cd No:213",0553 697 78 58,447,4.7,MEGA LEAD,18.2,,,,,,
434,Çankaya-D Güney,Dr. Cenk Sezer,,"Harbiye, Dikmen Cd No:228 D:4",0312 482 74 33,6,5.0,,18.2,,,,,,
435,Çankaya-D Güney,Ankara İmplant Deha Dental,,"Naci Çakır, Dikmen Cd No:267/19",0532 394 72 94,14,4.9,,18.4,,,,,,
436,Çankaya-D Güney,Cihangir Aydoğdu Diş Kliniği,,"Naci Çakır, Dikmen Cd No:267/1",0312 483 25 45,66,4.9,,18.4,,,,,,
437,Çankaya-D Güney,Vadi Ankara ADSP,,"Aydınlar, Dikmen Cd No:137 (Hürriyet)",0312 478 70 80,114,4.5,HOT LEAD,18.4,,,,,,
438,Çankaya-D Güney,Dentists Pelin Aktay Esen,,"Aydınlar Mh, Cahit Sıtkı Sk Arka Sokak No:2B (Vadi Sürücü Kursu)",0312 481 21 20,24,4.8,,18.2,,,,,,
439,Çankaya-D Güney,Ankara İmplant (Dr. Yaren/Esra),,"Aydınlar Mh, Hürriyet Cd 29 Mayıs Hastanesi yakını No:186/A",0549 482 17 75,48,4.9,,18.3,,,,,,
440,Çankaya-D Güney,EKİNOKS ADSP,,"Aydınlar, Sokullu Mehmet Paşa Cd. No:173",0552 598 15 15,533,4.9,MEGA LEAD,18.3,,,,,,
441,Çankaya-D Güney,Sümerdent ADSP,,"Osman Temiz, Dikmen Cd No:307",0312 481 22 44,76,4.9,,18.5,,,,,,
442,Çankaya-D Güney,Özel Saygın ADSP,,"Osman Temiz, İlker Cd No:58/B",0505 811 58 80,46,5.0,,19.2,,,,,,
443,Çankaya-D Güney,Özel DENTESİLA ADSP,,"Mürsel Uluç, 981. Sk., İlker Cd. 2/B",0312 479 20 07,10,5.0,,19.3,,,,,,
444,Çankaya-D Güney,Newmed Medical Center (Dental Bölüm),,"Keklik Pınarı, Dikmen Cd No:393",0312 476 37 37,413,3.6,MEGA HASTANE,18.3,,,,,,
445,Çankaya-D Güney,Çankaya Dikmen ADSP,,"Huzur, 1109. Sk.",,1,5.0,,18.2,,,,,,
446,Çankaya-D Güney,Diş Hekimi Hasan Abdurrahman,,"Karapınar, Dikmen Cd No:406 D:1",0312 476 84 66,27,4.8,,18.2,,,,,,
447,Çankaya-D Güney,Özel Dikmen ADSM,,"Karapınar, Cevizlidere Cd No:132",0549 475 00 40,101,3.8,,18.1,,,,,,
448,Çankaya-D Güney,DENTAVEND ADSP - Dikmen Diş,,"Keklik Pınarı, Dikmen Cd No:435 D:10",0552 446 77 74,74,4.3,,18.2,,,,,,
449,Çankaya-D Güney,Ekadent ADSP,,"Karapınar, Dikmen Cd No:440 D:A",0505 377 71 12,41,5.0,,18.2,,,,,,
450,Çankaya-B Çukurambar/Balgat,Özel Öveçler ADSP,,"Ata, Kabil Cd. No:124 D:A",0312 481 91 11,105,4.5,,17.8,,,,,,
451,Çankaya-B Çukurambar/Balgat,Dt. Aylin Ali,,"Cevizlidere, Cevizlidere Cd. 85/C",0312 480 94 84,389,5.0,MEGA LEAD,17.1,,,,,,
452,Çankaya-B Çukurambar/Balgat,Özel Cevizlidere ADSP,,"Cevizlidere, Cevizlidere Cd. No:60/B",0506 608 40 40,185,5.0,HOT LEAD,16.8,,,,,,
453,Çankaya-B Çukurambar/Balgat,LibreDent ADSP,,"Cevizlidere, Mevlana Blv. Yıldırım Kule D:221/112",0530 473 11 12,46,5.0,,16.5,,,,,,
454,Çankaya-B Çukurambar/Balgat,Uzm. Dt. Tuğçe Tartıcı (Libredent uzm),,"Cevizlidere, Mevlana Blv. No:221 D:112 (Yıldırım Kule)",0850 474 9041,2,5.0,UZMAN,16.4,,,,,,
455,Çankaya-B Çukurambar/Balgat,Mentör ADSP,,"Ehlibeyt, Mevlana Blv. A-11 (Nev 201)",0507 275 29 61,68,5.0,,16.1,,,,,,
456,Çankaya-B Çukurambar/Balgat,Dentyaren ADSP,,"Ehlibeyt, Ceyhun Atuf Kansu Cd. No:126 D:G",0312 286 40 06,14,4.4,,16.2,,,,,,
457,Çankaya-B Çukurambar/Balgat,Mis Dent Diş Polikliniği,,"Cevizlidere, Cevizlidere Cd. No:27/A",0312 260 53 53,214,5.0,HOT LEAD,16.4,,,,,,
458,Çankaya-B Çukurambar/Balgat,Dr. Dt. Öykü Taşatan Karaoğlu (Mis Dent uzm),,"Cevizlidere, Cevizlidere Cd. No:27/A",0312 260 53 53,24,5.0,UZMAN,16.4,,,,,,
459,Çankaya-B Çukurambar/Balgat,Özel Dentafors ADSP,,"Ehlibeyt, Ceyhun Atuf Kansu Cd. No:114F/10",0312 473 41 11,214,4.8,HOT LEAD,16,,,,,,
460,Çankaya-B Çukurambar/Balgat,Dt. Şeyma Yavuz (Dentafors uzm),,"Ehlibeyt, Ceyhun Atuf Kansu Cd. No:114F/10 (Bayraklar Plaza)",,4,5.0,,16,,,,,,
461,Çankaya-B Çukurambar/Balgat,Dt. Şükriye Günaydın,,"Ehlibeyt, Balgat, 1263. Sk. 1/7 (Ceyhun Atıf Kansu)",0552 879 97 87,25,5.0,,16,,,,,,
462,Çankaya-B Çukurambar/Balgat,Diş Hekimi Şükriye Günaydın,,"Ehlibeyt, Ceyhun Atuf Kansu Cd. 1263. Sk. 1/7 (Balgat)",0552 879 97 87,25,5.0,,16,,,,,,
463,Çankaya-B Çukurambar/Balgat,Zendent ADSP,,"Ehlibeyt, Balgat, Ceyhun Atuf Kansu Cd. No:106/1",0312 441 19 99,12,5.0,,15.9,,,,,,
464,Çankaya-B Çukurambar/Balgat,Doğal Hayat Diş Kliniği (Emine Çatal),,"Oğuzlar, Balgat, 1370. Sk. No:12",0530 934 60 00,45,5.0,,15.7,,,,,,
465,Çankaya-B Çukurambar/Balgat,Diş Hekimi Abdulkadir Çetin,,"Oğuzlar, 1370. Sk. 24/7 (Dağdeviren İş Merkezi)",0312 287 91 92,71,5.0,,15.5,,,,,,
466,Çankaya-B Çukurambar/Balgat,Sesadent ADSP,,"Oğuzlar, Balgat Ceyhun Atuf Kansu Cd. Osman Tan 2 İş Merkezi D:47/B",0312 285 88 00,94,5.0,,15.5,,,,,,
467,Çankaya-B Çukurambar/Balgat,Dt. İsmail Gürbüz Diş Kliniği,,"Oğuzlar, Ceyhun Atıf Kansu Cad. 1379 sok.13/1",0312 285 52 48,14,4.4,,15.4,,,,,,
468,Çankaya-B Çukurambar/Balgat,Özel Dent Balgat ADSP,,"Balgat, Oğuzlar, Barış Manço Cd. No:24",0544 274 10 10,93,4.6,,15.5,,,,,,
469,Çankaya-B Çukurambar/Balgat,Dt. Dilara Karakuş Diş Kliniği,,"Oğuzlar, Balgat, Barış Manço Cd. No:24 D:11",0544 274 10 10,1,5.0,,15.5,,,,,,
470,Çankaya-B Çukurambar/Balgat,Dr. Dt. Berna Turgut,,"Balgat, Mevlana Blv. 1422. Sk. No:4",,2,3.0,,15.2,,,,,,
471,Çankaya-B Çukurambar/Balgat,Uzm. Dt. Funda Özsarı,,"Kızılırmak, Mevlana Blv. No:16 D:1 Kat:1 (Hayat Plaza)",0543 902 28 44,194,4.9,UZMAN,15.2,,,,,,
472,Çankaya-B Çukurambar/Balgat,Uzm. Dt. Ayşe Karademir Göçeroğlu (Pedodonti),,"Kızılırmak, 1450. Sk. No:16/2 (Hayat Plaza)",0533 575 03 30,186,5.0,UZMAN (Pedodonti),15.3,,,,,,
473,Çankaya-B Çukurambar/Balgat,DentErs ADSP (Erman Ersöz),,"Kızılırmak, Mevlana Blv. 150/A D:12",,58,4.8,,15.3,,,,,,
474,Çankaya-B Çukurambar/Balgat,Smile Art ADSP,,"Kızılırmak, 1450. Sk. No:3/2",0544 100 44 74,33,4.6,,15.3,,,,,,
475,Çankaya-B Çukurambar/Balgat,Diş Hekimi Gonca Keleş,,"Çukurambar, 1450. Sk. No:1/1 (Ankara Ticaret Merkezi B Blok)",0312 285 85 22,23,4.8,,15.3,,,,,,
476,Çankaya-B Çukurambar/Balgat,synergy clinical,,"Kızılırmak, 1450 Sk B blok Kat:15 No:72",0312 287 44 44,87,4.8,,15.3,,,,,,
477,Çankaya-B Çukurambar/Balgat,UZM.DT. Gözde Özcan (Estetik),,"Çukurambar, Muhsin Yazıcıoğlu Cd. Yonca Apt No:33/28",0553 606 26 06,93,5.0,UZMAN,15.2,,,,,,
478,Çankaya-B Çukurambar/Balgat,Linadent ADSP,,"Kızılırmak, Muhsin Yazıcıoğlu Cd. 39/A No:103 Protokol Kule Kat:17",0312 468 14 44,37,4.9,,15.3,,,,,,
479,Çankaya-B Çukurambar/Balgat,Dr. Dt. Füsun Türkyılmaz (Ortodonti/Linadent),,"Kızılırmak, Muhsin Yazıcıoğlu Cd. Protokol Kule D:17 No:103",0312 468 14 44,158,5.0,HOT LEAD (Uzm.),15.3,,,,,,
480,Çankaya-B Çukurambar/Balgat,Candent Çukurambar,,"Çukurambar, 1464. Sk. Ebru Apt No:5/A",0530 889 54 13,75,4.9,,15,,,,,,
481,Çankaya-B Çukurambar/Balgat,Dişhekimi Alkan Dinç,,"İşçi Blokları, 100. Yıl İşçi Blokları No:9 D:1",0312 285 68 38,5,4.2,,15.2,,,,,,
482,Çankaya-B Çukurambar/Balgat,Diş Hekimi Bedri Erim,,"100. Yıl, Hasan Celal Güzel Cd. 11/1",0312 286 14 36,21,4.4,,15.2,,,,,,
483,Çankaya-B Çukurambar/Balgat,Dentangora 100. Yıl Şubesi,,"İşçi Blokları, Ali Metin Tokdemir Cd. No:60",0444 6260,313,4.8,HOT LEAD,14.8,,,,,,
484,Çankaya-B Çukurambar/Balgat,Tülay Şener,,"İşçi Blokları, 1536. Sk. Gül Apt No:1/3",0312 430 31 20,2,5.0,,14.7,,,,,,
485,Çankaya-B Çukurambar/Balgat,Özel Dentalika ADSP,,"Çukurambar, 1425. Cd. No:13/I",0541 132 00 06,151,4.8,,14.6,,,,,,
486,Çankaya-B Çukurambar/Balgat,Uzm. Dt. Müberra Güney,,"Çukurambar, 1425. Cd. 1434. Sk. No:1/C",0505 909 04 75,6,5.0,UZMAN,14.9,,,,,,
487,Çankaya-B Çukurambar/Balgat,Cevher Dent ADSP,,"Kızılırmak, 1425. Cd. 1434. Sk. No:1/C",0542 342 89 22,182,4.9,,14.9,,,,,,
488,Çankaya-B Çukurambar/Balgat,Uzm. Dt. Zeynep Karakoç Şen (Ortodonti),,"Kızılırmak, 1425. Cd. 1434. Sk. No:1/C (CevherDent)",0312 431 10 41,268,4.9,HOT LEAD (Uzm.),14.9,,,,,,
489,Çankaya-B Çukurambar/Balgat,Ze Dent Dental Clinic,,"Kızılırmak, 1425. Cd. 1434. Sk. No:1/D",0507 886 06 00,53,4.7,,14.9,,,,,,
490,Çankaya-B Çukurambar/Balgat,Ankara Dentalis ADSP,,"Çukurambar, 1426. Cd. No:24/B",0312 286 31 31,203,4.7,HOT LEAD,14.9,,,,,,
491,Çankaya-B Çukurambar/Balgat,LUNA DENTAL ADSP,,"Kızılırmak, Yücel Seçkiner Cd. (eski 1426. Cd.) No:30/A",0546 287 10 87,142,4.9,,14.8,,,,,,
492,Çankaya-B Çukurambar/Balgat,Uzm. Dr. Dt. Eren Yıldırım,,"Çukurambar, Yücel Seçkiner Cd. (eski 1426. Cd.) No:30/A",0850 474 1773,39,4.9,UZMAN,14.8,,,,,,
493,Çankaya-B Çukurambar/Balgat,Dr. Dt. Özge Aktaş Özçıkrıkcı,,"Çukurambar, Muhsin Yazıcıoğlu Cd. 1436. Sk. No:1/8",0530 203 52 33,19,4.8,,14.8,,,,,,
494,Çankaya-B Çukurambar/Balgat,Dt. Leyla Yüksel Sofuoğlu,,"Kızılırmak, Muhsin Yazıcıoğlu Cd. 1436. Sk. No:1 D:8",,20,5.0,,14.8,,,,,,
495,Çankaya-B Çukurambar/Balgat,ConceptDent Çukurambar (Nova Tower),,"Kızılırmak, Muhsin Yazıcıoğlu Cd. 17/5 Nova Tower",0312 284 66 11,91,4.6,,14.9,,,,,,
496,Çankaya-B Çukurambar/Balgat,ConceptDent ADSM Çukurambar Şubesi,,"Kızılırmak, Muhsin Yazıcıoğlu Cd. 17/5 Nova Tower",0312 284 66 11,91,4.6,,14.9,,,,,,
497,Çankaya-B Çukurambar/Balgat,Diş Hekimi Elşen Yusufoğlu,,"Çukurambar, Muhsin Yazıcıoğlu Cd. No:15 D:1",0552 730 80 79,107,5.0,,14.9,,,,,,
498,Çankaya-B Çukurambar/Balgat,Dr. Dt. Yasemin Türkdönmez (Ortodonti),,"Kızılırmak, 1443. Cd. 1071 Plaza B Blok Kat:27 No:174",0532 579 12 64,76,4.9,UZMAN,14.8,,,,,,
499,Çankaya-B Çukurambar/Balgat,Diş Hekimi Özkan Altun,,"Çukurambar, 1443. Cd. No:25 B D:48 (1071 Usta Plaza)",0552 235 06 06,61,5.0,,14.8,,,,,,
500,Çankaya-B Çukurambar/Balgat,Perspektif ADSP,,"Kızılırmak, 1443. Cd. 25C D:7",0552 616 80 66,41,5.0,,14.8,,,,,,
501,Çankaya-B Çukurambar/Balgat,Dr. Dt. Rahşan Atasoy Şentürk (Periodontoloji),,"Çukurambar, 1443. Cd. No:25 1071 Usta Plaza B Blok Kat:2 No:15",0501 321 90 91,29,5.0,UZMAN (Periodontoloji),14.8,,,,,,
502,Çankaya-B Çukurambar/Balgat,Dr. Dt. Derya Özen,,"Kızılırmak, 1443. Cd. 25/C-7 1071 Usta Plaza C Blok",0552 616 80 66,17,5.0,,14.8,,,,,,
503,Çankaya-B Çukurambar/Balgat,SimyaDent ADSP,,"Kızılırmak, 1443. Cd. 25A 1071 Usta Plaza A Blok D:44",0312 543 56 00,442,5.0,MEGA LEAD,14.8,,,,,,
504,Çankaya-B Çukurambar/Balgat,Ada Dent Diş Kliniği (Paragon),,"Kızılırmak, 1445. Sk. No:2 D:11 K (Paragon Tower)",0312 432 24 44,105,4.3,,14.8,,,,,,
505,Çankaya-B Çukurambar/Balgat,Dt. Emre Güneş (Ada Dent uzm),,"Kızılırmak, Ufuk Üni. Cd. Paragon İş Merkezi Kat:15 D:78",0541 432 24 44,15,5.0,,14.7,,,,,,
506,Çankaya-B Çukurambar/Balgat,"Doç. Dr. Elif Öncü (Panorama, Periodontoloji Uzm.)",,"Kızılırmak, 1445 Sk. The Paragon Tower No:2/1 K:26 No:131",0532 381 12 84,13,5.0,UZMAN (Periodontoloji),14.7,,,,,,
507,Çankaya-B Çukurambar/Balgat,Panorama Ankara ADSP,,"Kızılırmak, 1445. Sk. No:2 D:1 Kat:26 (Paragon Tower)",0312 220 50 00,159,5.0,HOT LEAD,14.8,,,,,,
508,Çankaya-B Çukurambar/Balgat,Aden Ankara ADSP (Paragon),,"Kızılırmak, 1445. Sk. No:2/9 Paragon Tower zemin kat",0312 284 84 88,102,5.0,,14.8,,,,,,
509,Çankaya-B Çukurambar/Balgat,Deha ADSM,,"Kızılırmak, Ufuk Üni. Cd. No:7/4",0554 361 97 35,2,3.0,,14.6,,,,,,
510,Çankaya-B Çukurambar/Balgat,Dr. Dt. Seda Deniz Kalkan (Çene Cer.),,"Kızılırmak, 1441. Cd. Mercan Apt No:5/13",0312 287 56 70,625,5.0,MEGA LEAD (Uzm.),14.6,,,,,,
511,Çankaya-B Çukurambar/Balgat,Çocuk Diş Hekimi Dr. Nurgül Demir (Pedodonti),,"Kızılırmak, Ufuk Üni. Cd. Arma Kule No:11 Kat:11-12 D:38",0532 331 85 88,43,4.9,UZMAN (Pedodonti),14.6,,,,,,
512,Çankaya-B Çukurambar/Balgat,Dr. Dt. Aybike Düzgün (YDA),,"Kızılırmak, YDA Center, Dumlupınar Blv. A3 Blok 8. Kat No:312",0312 544 08 07,56,4.8,,14.4,,,,,,
513,Çankaya-B Çukurambar/Balgat,"Dr. Zeynep Yetkin (Ortodonti, YDA)",,"Kızılırmak, YDA Center, Dumlupınar Blv. 9A A1 Blok 17. Kat D:701",0532 742 30 51,215,4.9,HOT LEAD (Uzm.),14.4,,,,,,
514,Çankaya-B Çukurambar/Balgat,Yetkin Dent Diş Kliniği,,"Kızılırmak, YDA Center, Eskişehir Yolu A1 Blok 17. Kat No:701",0501 101 17 17,99,4.9,,14.4,,,,,,
515,Çankaya-B Çukurambar/Balgat,Sueri Dent (YDA),,"Kızılırmak, YDA Center, Dumlupınar Blv. 9A Kat:4 D:102",0312 430 40 63,3,5.0,,14.4,,,,,,
516,Çankaya-B Çukurambar/Balgat,Dr. Betül Kökdoğan (YDA),,"Kızılırmak, YDA Center, Dumlupınar Blv. 9A/414 Kat:10",0501 277 20 22,68,4.9,,14.4,,,,,,
517,Çankaya-B Çukurambar/Balgat,Yılmaz Kıran (YDA),,"Kızılırmak, YDA Center, Dumlupınar Blv. 9A Kat:3 No:72 A2",0544 228 54 83,34,4.8,,14.4,,,,,,
518,Çankaya-B Çukurambar/Balgat,Hakan Saylam Diş Muayenehanesi,,"Kızılırmak, YDA Center, Dumlupınar Blv. A2 Blok Kat:12 No:507",0312 502 02 30,62,4.8,,14.3,,,,,,
519,Çankaya-B Çukurambar/Balgat,MDA Diş Polikliniği,,"Kızılırmak, YDA Center, Dumlupınar Blv. 9 A1 Blok Kat:12 D:512",0530 525 77 05,146,5.0,HOT LEAD,14.3,,,,,,
520,Çankaya-B Çukurambar/Balgat,Dr. Mehmet Askar (YDA),,"Kızılırmak, YDA Center, Dumlupınar Blv. 9A D:714 Kat:18",0530 179 53 10,18,5.0,,14.3,,,,,,
521,Çankaya-B Çukurambar/Balgat,Dr. Dt. Abdullah Ceylan (YDA),,"Kızılırmak, YDA Center, Dumlupınar Blv. 9/A-580",0850 811 8396,33,4.9,,14.3,,,,,,
522,Yenimahalle,Flydent ADSP ⭐,Beştepe,Nergiz Sk 7A 56,0312 219 30 10,355,4.9,Özel - Büyük,14.2,,,,,,
523,Yenimahalle,Prof.Dr. Burak Demiralp (Zenith içi),Beştepe,Neorama İş Merkezi (Zenith içinde),0532 452 68 75,0,0,Özel - Uzman (Prof.Dr.),14,,,,,,
524,Yenimahalle,Elif Zaimoğlu Gültepe (Ortodonti),Beştepe,Yaşam Cd Adalet Sk Neorama 13/A Kat:3 D:6,0530 387 97 89,61,4.8,Özel - Uzman (Ortodonti),14,,,,,,
525,Yenimahalle,Uzm.Dt. Ela Çabuk Renklibay ⭐,Beştepe,Neorama Yaşam Cd 13A Kat:7 D:30,0530 556 16 52,216,4.8,Özel - Büyük (Uzman),14,,,,,,
526,Yenimahalle,Znth Dental Center,Söğütözü,Beştepe Yaşam Cd Neorama Adalet Sk 5/B,0544 493 64 84,111,4.9,Özel - Orta,13.9,,,,,,
527,Çankaya-B Çukurambar/Balgat,Özel Etna ADSP,,"Söğütözü, Koç Kuleleri",0312 502 45 47,9,5.0,,13.9,,,,,,
528,Çankaya-B Çukurambar/Balgat,Dr. Cengiz Ankara Ortodonti,,"Söğütözü, Söğütözü Cd. No:2 Koç İkiz Kuleleri A Blok No:53",0537 456 32 03,138,5.0,UZMAN (Ortodonti),13.9,,,,,,
529,Çankaya-B Çukurambar/Balgat,Alindent ADSP,,"Çukurambar, Muhsin Yazıcıoğlu Cd. No:8/1",0312 222 40 42,21,4.8,,14.4,,,,,,
530,Çankaya-B Çukurambar/Balgat,Özel Çukurambar Küp ADSP,,"Çukurambar, 1424. Cd. No:6/2",0532 684 10 06,21,5.0,,14.3,,,,,,
531,Çankaya-B Çukurambar/Balgat,Karedent ADSM Söğütözü,,"Söğütözü, Dumlupınar Blv. No:94/C",0312 425 44 90,108,4.7,,13.6,,,,,,
532,Çankaya-B Çukurambar/Balgat,Promde Dental Clinic,,"Söğütözü, 2176. Sk. No:7",0312 444 31 66,3,5.0,,13.4,,,,,,
533,Çankaya-B Çukurambar/Balgat,A Clinica Dent ADSP,,"Mustafa Kemal, Eskişehir Yolu 7.km Cepa Ofis Kule 2123. Sk 2/D Kat:10",0312 557 83 84,235,4.8,HOT LEAD,12.1,,,,,,
534,Çankaya-B Çukurambar/Balgat,BD Dental Klinik,,"Mustafa Kemal, 2150. Sk. 5/A",0312 543 57 77,157,5.0,HOT LEAD,11.8,,,,,,
535,Çankaya-B Çukurambar/Balgat,Uzm. Dr. Dt. Ali Emre Zeren (Pedodonti),,"Mustafa Kemal, 2156. Sk. No:8/3",0850 811 7844,65,4.9,UZMAN (Pedodonti),11.8,,,,,,
536,Çankaya-B Çukurambar/Balgat,DentAnest Plus ADSM,,"Mustafa Kemal, 2131. Sk. No:24 D:14",0312 472 06 48,359,4.8,HOT LEAD (Sedasyon),11.5,,,,,,
537,Çankaya-B Çukurambar/Balgat,Uzm.Dt. Harun Türkay Muayenehanesi,,"Mustafa Kemal, 2127. Cd 34/2",0553 368 77 47,27,5.0,,11.2,,,,,,
538,Çankaya-B Çukurambar/Balgat,Doç. Dr. Zekeriya Taşdemir (Gülüş Tasarımı),,"Mustafa Kemal, 2127. Cd No:11/A",0552 507 93 67,184,4.9,,11.4,,,,,,
539,Çankaya-B Çukurambar/Balgat,Dr. Dt. Serap Şimşek (Çene Cer.),,"Mustafa Kemal, Şht. Öğrt. Şenay Aybüke Yalçın Cd. No:7 D:2",0312 219 49 70,433,5.0,MEGA LEAD (Uzm.),11.4,,,,,,
540,Çankaya-B Çukurambar/Balgat,Diş Hekimi İlke İyimen,,"Mustafa Kemal, Şht. Öğrt. Şenay Aybüke Yalçın Cd. No:7 D:2",0312 219 49 94,84,5.0,,11.4,,,,,,
541,Çankaya-B Çukurambar/Balgat,Denttera ADSP (MAİDAN),,"Mustafa Kemal, Maidan İş Mrk 2118. Cad B blok No:6",0312 466 75 99,68,4.9,,11.4,,,,,,
542,Çankaya-A Batı,Dt. Emre Bal,,"Bilkent Metro, Mustafa Kemal, MAİDAN İş Merkezi A Blok Kat:11 No:121",0532 727 88 76,12,5.0,,11.4,,,,,,
543,Çankaya-A Batı,Erce Beleçoğlu Dental Clinic,,"Mustafa Kemal, MAİDAN İş Merkezi A Blok Kat:11 No:121",0532 727 88 76,87,4.9,,11.4,,,,,,
544,Çankaya-B Çukurambar/Balgat,Özel Mustafa Kemal ADSP / Implant Center,,"Mustafa Kemal, Şht. Öğretmen Şenay Aybüke Yalçın Cd. No:14 D:3",0312 503 61 51,81,4.7,,11.6,,,,,,
545,Çankaya-B Çukurambar/Balgat,Prof. Dr. Mustafa Öztürk (Çene Cer.),,"Mustafa Kemal, 2086. Sk. Barış Sitesi No:27",0533 346 27 57,30,4.5,UZMAN (Çene Cer.),10.8,,,,,,
546,Çankaya-B Çukurambar/Balgat,Özel Dentima ADSP,,"Mustafa Kemal, Dumlupınar Blv 274/6 Mahall Ankara E blok K:2 D:29",0505 276 59 06,87,5.0,,10.7,,,,,,
547,Çankaya-B Çukurambar/Balgat,Denthall Ankara Ortodonti,,"Mustafa Kemal, Mahall, Dumlupınar Blv. 274/7 B Blok No:115",0506 939 28 38,137,4.9,,10.8,,,,,,
548,Çankaya-B Çukurambar/Balgat,Pozitif Dental (Mahall),,"Mustafa Kemal, Mahall, Dumlupınar Blv. 274/7 B Blok 4. Kat No:46",0312 286 26 16,57,5.0,,10.8,,,,,,
549,Çankaya-B Çukurambar/Balgat,EOT Oral and Maxillofacial Clinic,,"Mustafa Kemal, Dumlupınar Blv. No:274 B Blok Kat:15 D:167 (Mahall)",0312 466 22 77,817,5.0,MEGA LEAD (Çene Cer.),10.8,,,,,,
550,Çankaya-B Çukurambar/Balgat,Dr. Tolga Kodaz Diş Kliniği,,"Mustafa Kemal, Mahall Ankara, Dumlupınar Blv. 274-7/29 B Blok",0530 690 72 92,223,4.9,HOT LEAD,10.8,,,,,,
551,Çankaya-B Çukurambar/Balgat,Ortodonti Uzm. Dr. Sinem Bayram Tatar,,"Mustafa Kemal, Mahall Kule Ofis, Dumlupınar Blv. B Blok Kat:15 No:274",0312 466 22 77,172,5.0,UZMAN,10.8,,,,,,
552,Çankaya-B Çukurambar/Balgat,Dentius Klinik,,"Mustafa Kemal, Mahall Ankara, Dumlupınar Blv. 274/7 B Blok Kat:3 No:39",0530 086 78 76,318,4.9,HOT LEAD,10.9,,,,,,
553,Yenimahalle,Dt. Şeyma Arıkan,İnönü,1729. Cadde 4/10 D1 No:111,0536 557 94 92,71,5.0,Özel - Küçük (YENİ MAHALLE),7.1,,,,,,
554,Etimesgut,Dentşaşmaz ADSP,Bahçekapı (Şaşmaz),Sanayi Blv. Şaşmaz Business Plaza No:18,0312 281 40 47,49,5.0,Özel - Küçük,5.9,,,,,,
555,Yenimahalle,BatıKlinik ADSP (Protez Uzm.),Ergazi,Batı Bulvarı 109/B/F Nevadium,0555 142 75 84,55,4.7,Özel - Orta,4.4,,,,,,
556,Yenimahalle,Dr.Dt. Şule Yıldırım (Çocuk Diş),Ergazi,Batı Bulvarı Nevadium 109/B,0312 557 04 05,54,4.5,Özel - Uzman (Pedodonti),4.4,,,,,,
557,Yenimahalle,Dent Batıkent ADSP,Ergazi,Cengiz Aytmatov Cd Gala Batıkent 19P/C,0554 663 60 60,109,4.6,Özel - Orta,4.4,,,,,,
558,Yenimahalle,Dt. Ediz Cem Türk,Kentkoop,1820. Cd İkiz Kent 24/P,0552 449 00 77,178,4.9,Özel - Orta,3.8,,,,,,
559,Yenimahalle,Batıkent ADSP,Batı Sitesi,2333. Cd No:23/AA,0552 563 39 78,231,4.8,Özel - Büyük,3.6,,,,,,
560,Yenimahalle,Ortodonti Uzmanı Eda Bakır Köse,Batı Sitesi,2333. Cadde,0312 543 20 09,4,5.0,Özel - Uzman (Ortodonti),3.5,,,,,,
561,Yenimahalle,Ankara ADSP Batıkent (Arkent) ⭐,Kardelen,2026 Arı 85 Arkent 91 Sitesi 5,0312 255 64 64,533,4.6,Özel - Büyük,3.4,,,,,,
562,Yenimahalle,Denta Center Batıkent ⭐,Kardelen,2164. Cd No:39,0444 39 21,411,4.9,Özel - Büyük,3.7,,,,,,
563,Yenimahalle,DENTPARK ⭐,Turgut Özal/Batıkent,2191. Sk No:1,0551 256 17 21,289,4.6,Özel - Büyük,3.8,,,,,,
564,Yenimahalle,Dt. Ali Can Özen,Çakırlar,Batıkent Yolu 1949. Cd,0312 566 00 86,78,4.6,Özel - Küçük,3.8,,,,,,
565,Yenimahalle,Protez Uzmanı (Özlem Koç bağlı),Turgut Özal,1949. Cd (Özlem Koç bünyesi),-,2,5.0,Özel - Uzman (Protez),4.1,,,,,,
566,Yenimahalle,Özlem Koç Özel Diş Kliniği ⭐,Turgut Özal,Batıkent Blv 1949. Cd 26A/2,0312 566 16 15,221,4.8,Özel - Büyük,4.1,,,,,,
567,Yenimahalle,Dt. Gülnur Yıldırım,Turgut Özal,2164. Cd Yeşilkent Sitesi 2B,0312 999 67 71,52,4.8,Özel - Orta,3.8,,,,,,
568,Yenimahalle,Özel Çakırlar ADSP Batıkent ⭐,Kardelen,1940. Cd 16/F,0312 566 63 61,155,4.6,Özel - Büyük,2.7,,,,,,
569,Yenimahalle,Dr. Gözde Yalçın Çetin (Protetik) ⭐,Kardelen,Fatih Safitürk Blv 98/C,0501 048 51 45,104,5.0,Özel - Uzman (Protez),2.6,,,,,,
570,Yenimahalle,Masterline Clinic ADSP,Yeni Batı,Çakırlar Botanik Park 27/N,0312 566 24 44,78,4.9,Özel - Orta,2.3,,,,,,
571,Yenimahalle,Uzm. Dt. Demet Kaya Şengül,Turgut Özal/Çakırlar,Veysel Karani Blv Parkalı Hanımeli 8D/1,0850 811 9238,3,5.0,Özel - Küçük,2.4,,,,,,
572,Yenimahalle,Türkel Dent ADSP,Yeni Batı,Fatih Safitürk Blv 62/ED,0532 542 10 94,21,5.0,Özel - Küçük,1.8,,,,,,
573,Yenimahalle,Batıkent Meydan AVM Diş Kliniği,Kentkoop,Başkent Blv 255/41 Meydan AVM,0546 496 14 96,61,4.6,Özel - Orta,4.4,,,,,,
574,Yenimahalle,Uzm. Dt. Ceren Üçgül (Protez),Kentkoop,Batıkent Blv 255/41 Meydan AVM Kat:2,0546 496 14 96,0,0,Özel - Uzman (Protez),4.5,,,,,,
575,Yenimahalle,Dr.Dt. Emre Çakır (Ortodonti),Kentkoop,Başkent Blv 255/41 Meydan AVM,0546 496 14 96,48,4.3,Özel - Uzman (Ortodonti),4.5,,,,,,
576,Yenimahalle,Avadent (Alptekin Atik/Seda Arslan Atik),Kentkoop,1865. Sk 92 Sok Batıkent Yolu 3/2,0312 252 66 55,170,4.8,Özel - Orta,4.6,,,,,,
577,Yenimahalle,Dt. Cenk Şengör,Kentkoop,1865 Sk 7/3 Batıkent Metro Karşısı,0538 772 25 32,45,4.6,Özel - Küçük,4.5,,,,,,
578,Yenimahalle,Ankara ADSP Kentkoop,Kentkoop,1864. Cd,0312 252 00 00,17,4.7,Özel - Orta,4.6,,,,,,
579,Yenimahalle,HHDENT ADSP,Kentkoop,İlk Umut 90 Sitesi 1/E,0312 252 00 00,78,4.6,Özel - Orta,4.7,,,,,,
580,Yenimahalle,Dt. Zeynep Turgut Muayenehanesi,Kentkoop,1865. Cd Siyasal 93 Sitesi 15/9,0312 385 16 56,9,4.6,Özel - Küçük,4.4,,,,,,
581,Yenimahalle,Dt. Tuğçe Akbey Acar,İlkyerleşim,2016. Sk Pazar Kent 45/112,0501 017 10 01,33,5.0,Özel - Küçük,4.6,,,,,,
582,Yenimahalle,Dt. Ali Berke Cengiz,İlkyerleşim,2016. Sk Pazar Kent 45/111,0553 943 19 96,65,4.9,Özel - Küçük,4.6,,,,,,
583,Yenimahalle,Dt. Aysan Coşkun,Kentkoop,Yeni Emniyet Batıkent Yolu 3/4,0312 251 02 22,54,5.0,Özel - Küçük,5.3,,,,,,
584,Yenimahalle,Dt. Neslihan Altunkaya,Kentkoop,1851. Sk 2/10,0312 277 09 51,26,4.8,Özel - Küçük,5.3,,,,,,
585,Yenimahalle,Dental Clinic - Clinics Kent ⭐,İlkyerleşim,Başkent Blv Labirent 204/45,0850 305 3113,856,4.6,Özel - DEV,5.3,,,,,,
586,Yenimahalle,Dentist-Fatma Kaya,İlkyerleşim,Başkent Blv Labirent A2 Blok 204/13,0850 474 1821,12,4.7,Özel - Küçük,5.3,,,,,,
587,Yenimahalle,Dt. Eda Kara Özgiray,İlkyerleşim,Başkent Blv Labirent 204/63,0312 386 06 03,2,5.0,Özel - Küçük,5.3,,,,,,
588,Yenimahalle,Dt. Merve Yiğit Muayenehanesi,İlkyerleşim,Başkent Blv Labirent 204/70,0551 824 24 85,36,4.8,Özel - Küçük,5.3,,,,,,
589,Yenimahalle,Dr. Meral Tanrıseven,İlkyerleşim,Başkent Blv Güzelevler A15 No:2,0312 385 86 80,16,4.4,Özel - Küçük,5.5,,,,,,
590,Yenimahalle,Batıostim ADSP,İlkyerleşim,1908. Sk 1c,0552 658 00 02,75,4.7,Özel - Orta,5.9,,,,,,
591,Yenimahalle,Uzm. Dt. Fırat Aksun (Çene Cerrahı),Ostim,100. Yıl Blv Finans ve İş Merkezi 99/4,-,13,4.8,Özel - Uzman (Çene Cerrahi),6.8,,,,,,
592,Yenimahalle,Özel Dent Ostim ADSP ⭐,Ostim OSB,100. Yıl Blv OFİM İş Merkezi 99/4,0312 385 18 88,232,4.8,Özel - Büyük,6.9,,,,,,
593,Yenimahalle,Dentists Group Ostim ADSP ⭐,Ostim,100. Yıl Blv Sanayi Cd 55/A-8,0530 916 98 98,230,4.9,Özel - Büyük,6.9,,,,,,
594,Yenimahalle,Diş Hekimi Pınar Mutlu,Serhat,Serhat Cd My Elegance Meydan 50A/84,0850 474 4707,70,5.0,Özel - Orta,8.1,,,,,,
595,Yenimahalle,Serhat ADSP ⭐ 🆕,Serhat,1306. Cd 14/A,0552 295 83 43,147,4.6,Özel - Büyük,8.6,,,,,,
596,Yenimahalle,Özel Yahyalar ADSP,Yukarı Yahyalar,İvedik Cd 636,0552 712 77 20,42,4.3,Özel - Orta,9.5,,,,,,
597,Yenimahalle,Dt. Tugay Anık,Yukarı Yahyalar,959. Sk 2/4,0312 336 00 36,117,4.9,Özel - Orta,9.7,,,,,,
598,Yenimahalle,İvedik ADSP,Yukarı Yahyalar,İvedik Cd 460/B,0530 608 69 95,24,5.0,Özel - Küçük,9.7,,,,,,
599,Yenimahalle,Namedent Yenimahalle,Mehmet Akif Ersoy,Vatan Cd 101C,0555 110 29 36,99,4.6,Özel - Orta,9.4,,,,,,
600,Yenimahalle,s dent,Mehmet Akif Ersoy,Mehmet Akif Ersoy mh,-,11,4.3,Özel - Küçük,9.5,,,,,,
601,Yenimahalle,U Dental (Ercan Uysal),Mehmet Akif Ersoy,Vatan Cd 93/140 Bulvar Effect Ofis,0312 332 22 99,41,5.0,Özel - Küçük,9.5,,,,,,
602,Yenimahalle,Mega Avrupa ADSP 7/24 ⭐,Mehmet Akif Ersoy,Vatan Cd 93A,0501 319 60 06,1677,4.6,Özel - DEV (24h),9.6,,,,,,
603,Yenimahalle,"Osmanlı ADSH (DİKKAT: 2.5★, kalite şikayetleri)",Demetevler,Sami Efendi Cd 56,0312 325 36 36,853,2.5,Özel - DEV (Düşük puan),9.6,,,,,,
604,Yenimahalle,Demetevler Diş Kliniği (24h),Demetevler,Vatan Cd 81 1.kat,0501 122 04 02,15,5.0,Özel - 24 Saat,10,,,,,,
605,Yenimahalle,Diş Hekimi Şule Betül Ülker,Demetevler,Vatan Cd 84/1,0312 433 10 43,33,4.9,Özel - Küçük,10.1,,,,,,
606,Yenimahalle,Dt. Özge Yıldırım,Demetevler,Şht. Tugay Can Kızılırmak 20/1 Şirin Apt,0545 154 45 15,24,5.0,Özel - Küçük,10.1,,,,,,
607,Yenimahalle,Dt. Meryem Ülkü Göçmenoğlu,Demetevler,357. Cadde 10/6 Köksal Apt,0541 345 49 94,49,4.8,Özel - Küçük,10.2,,,,,,
608,Yenimahalle,Uzm. Dt. Orhan Gülen,Demetevler,404. Cd 10/A,0533 193 51 12,68,4.8,Özel - Orta,10.3,,,,,,
609,Yenimahalle,Demetevler - Uzm. Dt. Orhan Gülen,Demetevler,404. Cd. 10/A,0533 193 51 12,68,4.8,Özel - UZMAN,10.3,,,,,,
610,Yenimahalle,Dt. Şeyma Altuğ,Demetevler,357. Cd 925. Cd 5/3 Eski,0536 371 49 66,9,5.0,Özel - Küçük,10.2,,,,,,
611,Yenimahalle,Özel Demetevler ADSP,Demetevler,357 Caddesi 6A,0312 905 06 00,52,5.0,Özel - Orta,10.2,,,,,,
612,Yenimahalle,Dentists Emine Unal,Demetevler,Vatan Cd 76/1,0312 335 83 23,6,4.5,Özel - Küçük,10.2,,,,,,
613,Yenimahalle,Dt. Baran Arslan (Maya Dent),Demetevler,İvedik Cd 123/1,0312 336 23 13,53,4.1,Özel - Küçük,10.2,,,,,,
614,Yenimahalle,Yenimahalle Acil Diş - Dent Mira (24h),Demetevler,İvedik Cd 123,0542 231 23 23,0,0,Özel - 24 Saat,10.2,,,,,,
615,Yenimahalle,Dt. Hülya Özçalık,Yeşilevler,916. Sk 1/5 D:2.Kat Sefa Apt,0552 340 60 02,40,4.6,Özel - Küçük,10.1,,,,,,
616,Yenimahalle,Diş Hekimi Hülya Özçalık,Yeşilevler,916. Sk. No:1/5 D:2.Kat,0552 340 60 02,40,4.6,Özel,10.1,,,,,,
617,Yenimahalle,Yusuf Coşan ADSP,Karşıyaka,İvedik Cd 484/4,0505 507 04 92,28,3.9,Özel - Küçük,10.4,,,,,,
618,Yenimahalle,Derya Diş Polikliniği,Karşıyaka,İvedik Cd 456,0312 336 03 04,12,3.3,Özel - Küçük,10.6,,,,,,
619,Yenimahalle,Dt. Şeyma Barut,Karşıyaka,519. Sk 49/D,0532 668 14 12,13,5.0,Özel - Küçük (YENİ MAHALLE),10.6,,,,,,
620,Yenimahalle,Özel Ligadent ADSP,Yeşilevler,Selçuklu Cd 7/A,0312 557 44 88,51,4.9,Özel - Orta (YENİ MAHALLE),10.5,,,,,,
621,Yenimahalle,Special Güventepe ADSP,Güzelyaka,Güventepe Cd 58,0312 332 07 77,207,4.6,Özel - Büyük,11.2,,,,,,
622,Yenimahalle,Diş Hekimi Emin Ali Ekici,Şentepe/Kaletepe,Ünsal Sk. No:5/A,0546 187 20 61,0,-,Özel,10.9,,,,,,
623,Yenimahalle,MonaDent ADSP,Şentepe/Kaletepe,Ünsal Sk. No:5/A,0546 187 20 61,29,5.0,Özel,10.9,,,,,,
624,Yenimahalle,Tepedent ADSP,Çiğdemtepe,Aydan Cd 167/A-B,0532 136 48 11,111,4.2,Özel - Orta,11.3,,,,,,
625,Yenimahalle,Dt. Meryem Gül,Şentepe/Çiğdemtepe,Değirmendere Cd 39/1,0532 667 14 86,43,4.1,Özel - Küçük,11.5,,,,,,
626,Yenimahalle,Özel NilTepe ADSP,Burç,Seval Cd 100A,0312 330 00 58,101,4.0,Özel - Orta,11.6,,,,,,
627,Yenimahalle,Özel NilTepe Diş ve Ağız Sağlığı Pol.,Burç,Seval Cd. 100A,0312 330 00 58,101,4.0,Özel,11.6,,,,,,
628,Yenimahalle,Special Şentepe ADSP,Burç/İvedik OSB,Burç Seval Cd 99 D:A,0312 554 13 01,254,4.4,Özel - Büyük,11.8,,,,,,
629,Yenimahalle,Veradent ADSP (Ortodonti),Burç,Kızılcahamam Cd Görsel Apt 105/A,0501 278 94 98,78,4.8,Özel - Orta,11.9,,,,,,
630,Yenimahalle,Ortodontist Dr Vahit Bilgin,Burç,Kızılcahamam Cd 105/A (Veradent içi),-,2,5.0,Özel - Uzman (Ortodonti),11.9,,,,,,
631,Yenimahalle,ESDODENT ADSP (Dt. Ebru Doğanay),Şentepe/Burç,Kızılcahamam Cd. 91/A,0312 336 37 36,77,4.9,Özel,11.9,,,,,,
632,Yenimahalle,Diş Doktoru Emin,Pamuklar,Televizyon Cd 4,-,7,5.0,Özel - Küçük,11.9,,,,,,
633,Keçiören,Etlik Dent ADSP,Etlik,Etlik Cd 191/A,0552 183 90 18,503,4.8,Özel - MEGA LEAD (Nöbetçi 24h),13.3,,,,,,
634,Keçiören,Etlik Global Ankara ADSP,Etlik,Ayvalı Cd. No:142/14,0312 504 23 23,165,4.6,Özel,13.3,,,,,,
635,Keçiören,Renyum ADSP,Aşağı Eğlence,Atadan Cd. No:57 D:C,0544 978 41 10,35,4.5,Özel,14,,,,,,
636,Keçiören,SEY-MET ADSP,Etlik,Ayvalı Cd. No:41/A,0312 325 25 00,97,4.0,Özel,13.8,,,,,,
637,Keçiören,Özel Kırkkonaklar ADSP Etlik Şb.,Aşağı Eğlence,Halil Sezai Erkut Cd No:8/B,0543 322 33 23,169,4.8,Özel,14.1,,,,,,
638,Keçiören,Diş Hekimi Zafer Ayhan,Aşağı Eğlence,Uludere Cad. 42/5,0312 326 26 62,33,3.5,Özel,14.6,,,,,,
639,Keçiören,Diş Hekimi Mehmet Türkoğlu,Aşağı Eğlence,Etlik Cd 41/3,0312 321 10 24,50,4.9,Özel,14.6,,,,,,
640,Keçiören,Diş Hekimi Ufuk Eralp,Etlik,Mestan Sk. 22/8,0312 321 91 94,12,5.0,Özel,14.7,,,,,,
641,Keçiören,Diş Hekimi Seda Şişman,Etlik,Mestan Sk. 20/4,0312 321 26 46,27,5.0,Özel,14.7,,,,,,
642,Keçiören,KUZEY DENTAL ADSP,Aşağı Eğlence,Mestan Sk. 16A,0531 681 22 91,18,3.4,Özel,14.8,,,,,,
643,Keçiören,Tan Artı Dental ADSP,Aşağı Eğlence,Mestan Sk. No:5/7,0312 325 49 00,75,4.4,Özel,14.9,,,,,,
644,Keçiören,Pınar Polat Halaç,Aşağı Eğlence,Altınoluk Sk. No:6/B,0312 999 95 54,28,4.8,Özel,15,,,,,,
645,Keçiören,Dr. Dt. Nejat Ömeroğlu Klinik,Aşağı Eğlence,Etlik Ticaret Mrk Kat:2 No:7,0312 323 24 74,7,4.4,Özel,15.1,,,,,,
646,Keçiören,Eşit Dental Art,Etlik/Emrah,Gen. Dr. Tevfik Sağlam Cd No:68/5,0530 975 57 73,37,4.8,Özel,15.1,,,,,,
647,Keçiören,Dr. Dt. Sinem Saat,Etlik/Emrah,Gen. Dr. Tevfik Sağlam Cd No:68/5-6,0850 811 5288,5,5.0,Özel,15.1,,,,,,
648,Keçiören,Dr. Zehra Senel Saygili,Aşağı Eğlence,Gen. Dr. Tevfik Sağlam Cd No:66/10,0312 325 22 62,34,4.5,Özel,15.1,,,,,,
649,Keçiören,DİŞ HEKİMİ METİN DEMİRALP,Aşağı Eğlence,Gen. Dr. Tevfik Sağlam Cd No:76,0312 321 02 78,26,4.7,Özel,15.1,,,,,,
650,Keçiören,MerkezDent Diş Polikliniği,Aşağı Eğlence,Gen. Dr. Tevfik Sağlam Cd 80/B,0312 323 23 00,19,4.2,Özel,15,,,,,,
651,Keçiören,Diş Hekimi Arzu Kaya,Esertepe,Gen. Dr. Tevfik Sağlam Cd 166/8,0312 325 16 17,42,4.7,Özel,14.6,,,,,,
652,Keçiören,Tamer Şenöz Diş Kliniği,Çiçekli,Yunus Emre Cd. 118/D,0312 359 68 88,221,4.3,Özel - HOT LEAD,15.9,,,,,,
653,Keçiören,Dt Petek Buse Uslu Kılınçer,Çiçekli,Sanatoryum Cd. no:119 (Sanatoryum Tıp Mrk),0312 358 10 10,123,5.0,Özel,16.5,,,,,,
654,Keçiören,Mutluden ADSP,Tepebaşı,Mustafa Asım Köksal Cd. No:27/A,0312 314 12 12,107,4.3,Özel,16.5,,,,,,
655,Keçiören,Special Nevin-Dent Dental Clinic,Tepebaşı,Fatih Cd. 109/4,0312 361 81 91,37,3.8,Özel,16.9,,,,,,
656,Keçiören,Özel TrueDent Ağız ve Diş,Yakacık,Fatih Cd. No:112 D:c,0540 357 72 72,174,4.0,Özel,17,,,,,,
657,Keçiören,Diş Hekimi Ali Svidan,Tepebaşı,Fatih Cd. no:123/3,0555 483 38 74,304,4.9,Özel - HOT LEAD,17,,,,,,
658,Keçiören,Diş Hekimi Recep Özçelik,Güçlükaya,Acıpayam Sk. 2/4,0530 545 38 99,22,5.0,Özel,17.3,,,,,,
659,Keçiören,Dt.Zeynep Gençarslan Diş Kliniği,Şefkat,Cumhuriyet Cd. no:6/4,0312 338 38 58,43,4.8,Özel,17.4,,,,,,
660,Keçiören,İlk Ankara ADSP By Megadentist,Kavacık Subayevleri,Şehit Oğuzhan Duyar Sk No:10A,0312 517 30 63,610,5.0,Özel - MEGA LEAD,17.4,,,,,,
661,Keçiören,Diş Hekimi Fırat Adin,Kalaba,Sarıkamış Şehitleri Sk. No:5,0850 474 1271,11,3.4,Özel,17.2,,,,,,
662,Keçiören,Diş Hekimi Tuğçe Nur Ocak,Kalaba,Sanatoryum Cd. No:26/5,0312 314 77 77,47,5.0,Özel,16.7,,,,,,
663,Keçiören,Dt. Ömer Faruk Arcagök Diş Kliniği,Basınevleri,Selçuklu Cd. No:19/A,0505 525 13 33,20,5.0,Özel (Nöbetçi 24h),16.4,,,,,,
664,Keçiören,Maky Dent,Kavacık Subayevleri,Köknar Sk. No:34 B D:C,0552 706 06 66,35,4.7,Özel,17.2,,,,,,
665,Keçiören,Göksel Dent Diş Kliniği,Kavacık Subayevleri,Fahrettin Altay Cd. 20/A,0543 339 88 44,18,4.8,Özel,17.3,,,,,,
666,Altındağ,Çocuk Diş Hekimi Uzm. Dr. Merve Mutluay (Altınpark),Aydınlıkevler,Şht. Ömer Halisdemir Blv No:114 D:B,0312 317 93 53,103,4.9,Özel - UZMAN (Pedodonti),17.6,,,,,,
667,Altındağ,ÖZEL ALTINPARK ADSP,Aydınlıkevler,Şht. Ömer Halisdemir Blv No:114 D:B,0312 317 93 53,190,5.0,Özel - HOT LEAD,17.6,,,,,,
668,Altındağ,Rukiye Atak (Dent Aydınlıkevler),Aydınlıkevler,Çağdaş Sk. No:1,0549 316 00 36,114,4.6,Özel,17.4,,,,,,
669,Altındağ,Dr. Rahime Erden,Aydınlıkevler,Çevreli Cd. Kagir Apt. No:19 D:3,0312 317 91 94,7,5.0,Özel,18,,,,,,
670,Altındağ,Dentist Ersungül Er,Aydınlıkevler,Çevreli Cd. 50/2,0312 806 68 66,73,4.9,Özel,18.1,,,,,,
671,Altındağ,YASEMİN ASLIM Diş Hekimi,Aydınlıkevler,Aydınlıkevler Mah. (Serdar Apt),0312 517 00 26,10,3.8,Özel,18.2,,,,,,
672,Altındağ,N-DENT ADSP,Aydınlıkevler,Çevreli Cd. No:87/A,0552 815 96 00,116,4.5,Özel,18.6,,,,,,
673,Altındağ,BAHAR TEZEL ALIMCI Diş Kliniği,Aydınlıkevler,Midye Sk. 3-C (Türk-İş Son Durak),0537 777 19 89,33,4.9,Özel,18.8,,,,,,
674,Altındağ,Diş Hekimi Orhan Coşkun Kliniği,Güneşevler,116. Sk. No:1,0312 338 70 41,96,4.0,Özel,18.8,,,,,,
675,Altındağ,Mısıroğlu ADSP (Aydın Mısıroğlu),Güneşevler,125/3. Sk. No:2,0531 995 75 57,232,4.6,Özel - HOT LEAD,18.9,,,,,,
676,Altındağ,Çağdent ADSP,Güneşevler,Celal Esat Arseven Cd. No:126 E,0537 307 70 73,90,5.0,Özel,19.3,,,,,,
677,Altındağ,ÖZEL DENTAL DESTEK ADSP,Güneşevler,Mehmet Akif Ersoy Cd. 10/D,0850 474 0333,16,4.3,Özel,19.3,,,,,,
678,Altındağ,Aydınlıkevler Oral & Maxillofacial Clinic,Hasköy/Yıldıztepe,166. Cd. No:1,0312 339 70 01,252,4.3,Özel - HOT LEAD (Çene Cer.),19.6,,,,,,
679,Altındağ,Dt.Yasir Türk | Hüseyingazi Özel Diş Pol.,Yıldıztepe,162. Cd. no:1/a,0549 316 00 36,15,4.7,Özel,20,,,,,,
680,Altındağ,Özel Güneşevler ADSP (Anılalp),Güneşevler,Mehmet Akif Ersoy Cd No:34/C,0546 909 77 87,69,4.1,Özel,20.1,,,,,,
681,Altındağ,Diş Hekimi Furkan Gürbüz,Güneşevler,Mehmet Akif Ersoy Cd 25/A,0552 892 91 97,33,5.0,Özel,20.2,,,,,,
682,Altındağ,Merdent ADSP,Güneşevler,Celal Esat Arseven Cd. No:19/A,0312 317 20 37,82,4.0,Özel,19.7,,,,,,
683,Keçiören,Keçiören Dt. Yunus Emre Bayrakdar (Periodontoloji),Hasköy,Üçpınar Cd. 2/1-2,0540 062 72 82,16,5.0,Özel - UZMAN (Periodontoloji),18.4,,,,,,
684,Keçiören,DentaCenter Keçiören,Güçlükaya,Kızlarpınarı Cd. No:35 D:1,0444 39 21,668,4.7,Özel - MEGA LEAD,17.9,,,,,,
685,Keçiören,Avodent ADSP,Bağlarbaşı,Kızlarpınarı Cd. 128/B,0312 382 09 09,86,4.7,Özel,17.9,,,,,,
686,Keçiören,Diş Hekimi Remziye Gül,Şenlik,Kızlarpınarı Cd. 153/3,0312 357 67 47,1,5.0,Özel,17.9,,,,,,
687,Keçiören,Dt. Elmira Ayhan,Şenlik,Düz Sk. No:55,0541 796 76 82,3,5.0,Özel,17.6,,,,,,
688,Keçiören,DENTACENTER DUTLUK,Şenlik/Dutluk,Köklü Sk. No:46 D:1b,0444 39 21,178,5.0,Özel - HOT LEAD,17.6,,,,,,
689,Keçiören,Dt. T. Burak Cerit (Çocuk-Yetişkin),Pınarbaşı,Nuri Pamir Cd. No:53 D:2,0546 204 53 02,126,4.8,Özel,17.7,,,,,,
690,Keçiören,Gürsu Samancı Diş Kliniği,Pınarbaşı,Beşiktaş Sk. No:7,0312 355 77 66,41,4.6,Özel,17.6,,,,,,
691,Keçiören,Special Keçiören Oral & Maxillofacial Clinic,Köşk,Özyurt Cd. 1/B,0312 381 20 02,194,4.5,Özel - HOT LEAD (Çene Cer.),18,,,,,,
692,Keçiören,Tunca ADSP,Köşk,Özyurt Cd. No:1,,2,5.0,Özel,18,,,,,,
693,Keçiören,Diş Hekimi Tamer Arab,Uyanış,Itri Cd. 21/A,0551 065 26 97,86,5.0,Özel,17.9,,,,,,
694,Keçiören,Kuğu Dental ADSP,Bademlik,1166. Sk. No:1/1,0534 394 13 04,4,5.0,Özel,18.1,,,,,,
695,Keçiören,Diş Ankara ADSP,23 Nisan,Anavatan Cd. No:78F,0555 405 03 06,76,4.4,Özel (Nöbetçi geç saat),18.3,,,,,,
696,Keçiören,Keçiören Gece Diş,23 Nisan,Anavatan Cd. 78/D,0555 405 03 06,9,4.8,Özel (Nöbetçi gece),18.4,,,,,,
697,Keçiören,Akbay ADSP,Pınarbaşı,Aşıkpaşa Cd. No:57/A,0312 357 57 27,17,4.3,Özel,17.1,,,,,,
698,Keçiören,Diş Hekimi A. Kerim Bayındır,Pınarbaşı,Nuri Pamir Cd. No:9 D:4,0312 357 57 27,0,-,Özel,17.2,,,,,,
699,Keçiören,Dentavend ADSP Keçiören Şb.,Pınarbaşı,Anız Sk. 2/1 (Nuri Pamir Cd),0533 931 97 27,12,5.0,Özel,17.1,,,,,,
700,Keçiören,Kırkkonaklar ADSP Keçiören (Şenlik),Şenlik,Fatih Cd. No:192/B D:C,0312 381 00 08,31,3.1,Özel,17,,,,,,
701,Keçiören,Diş Hekimi Fazilet Kılık,Pınarbaşı,Sanatoryum Cd. 194/A,0312 356 58 42,42,4.6,Özel,16.5,,,,,,
702,Keçiören,Diş Hekimi Seval Alagöz 7/24 (implant),Atapark,Atapark Cd. 64/A,0553 892 90 19,648,4.8,Özel - MEGA LEAD (Nöbetçi 7/24),15.4,,,,,,
703,Keçiören,Özel Ovacık ADSP,Esertepe,Çambaşı Cd. No:65,0506 304 34 12,209,4.4,Özel - HOT LEAD,14.9,,,,,,
704,Keçiören,DentaMerkez Keçiören ADSP,Yayla,1540. Sk. No:8/A,0312 557 99 09,41,5.0,Özel,14.4,,,,,,
705,Keçiören,Diş Hekimi Hilal Baş,Yayla,Yozgat Bul. 1488.Sk No:4/A-3 Bellis Kule,0552 930 04 13,41,5.0,Özel,13.9,,,,,,
706,Keçiören,DENT OVA ADSP,Ovacık,550. Cad No:2/BC,0505 654 46 37,231,4.9,Özel - HOT LEAD,14,,,,,,
707,Keçiören,Özel Rina Dent ADSP,Ovacık,548. Cad No:19,0533 044 89 99,132,4.9,Özel,14.2,,,,,,
708,Keçiören,Dentsava ADSP,Ovacık,695. Sk no:13 CC,0532 742 27 14,226,5.0,Özel - HOT LEAD,13.9,,,,,,
709,Keçiören,Yükseltepe ADSP,Yükseltepe,1928. Sk. 1/7,0501 357 54 52,77,4.6,Özel,12,,,,,,
710,Yenimahalle,Yakacık ADSP,Yakacık,3585. Cd 8/b,0546 402 06 40,13,5.0,Özel - Küçük,10.9,,,,,,
711,Keçiören,Bağlum Uzmanlar ADSP,Karakaya/Bağlum,Bağlum Blv No:69,0552 329 16 15,240,4.8,Özel - HOT LEAD,16.6,,,,,,
712,Keçiören,Babagiray Diş Kliniği,Karakaya/Bağlum,Süleymaniye Sk. no:2/1,0312 329 27 29,31,4.5,Özel,17,,,,,,
713,Keçiören,BAĞLUM ADSP,Karşıyaka/Bağlum,Hatipoğlu Cd. No:5,0555 888 33 68,522,4.9,Özel - MEGA LEAD,17.1,,,,,,
714,Keçiören,Diş Hekimi İbrahim Kara,Karakaya/Bağlum,Bağlum Blv No:69,0505 147 99 22,38,5.0,Özel,17.2,,,,,,
715,Keçiören,Kırkkonaklar ADSP Keçiören Ufuktepe Şb.,Kanuni/Ufuktepe,856. Sk. No:1 D:A,0552 726 65 62,28,4.5,Özel,17.3,,,,,,
716,Keçiören,Özel Cadde ADSP,Kanuni,Osmangazi Cd 92/B,0554 939 99 71,49,4.5,Özel,17.1,,,,,,
717,Keçiören,Ufuktepe Dental Clinic,Osmangazi/Ufuktepe,Bölük Cd.,0553 269 19 54,189,4.5,Özel - HOT LEAD,16.8,,,,,,
718,Pursaklar,Dt. Özgün Eylem Karadağ,Merkez,"Efes, 126. Sk. No:1/A",,2,3.0,Özel,20.1,,,,,,
719,Pursaklar,Tıp Dent ADSP,Yunus Emre,Yunus Emre Cd. No:85/B,0541 332 99 49,156,4.9,Özel - HOT LEAD,20.4,,,,,,
720,Pursaklar,Lotus ADSP,Merkez,Dede Korkut Sk. No:1 D:A,0312 511 04 25,10,5.0,Özel,20.6,,,,,,
721,Pursaklar,Dt. Fidan Kuşçizade,Merkez,Şehit Salim Akgül Cd Akyakudiye Sit. No:1E,0850 433 3889,0,-,Özel,20.6,,,,,,
722,Pursaklar,PURSAKLAR Eylül Dent ADSP,Merkez,Şehit Salim Akgün Cd Akyakudiye Sit. No:1E,0545 517 81 19,39,5.0,Özel (Nöbetçi gece),20.6,,,,,,
723,Pursaklar,Dentangora Pursaklar Şubesi ADSP,Fatih,Yunus Emre Cd. No:25 D:B,0312 527 13 33,218,4.6,Özel - HOT LEAD,21.1,,,,,,
724,Pursaklar,Pursaklar Dt. Murat Can Sadi Billorer,Merkez,Mimar Sinan Cd. 17/B,0545 960 81 06,80,5.0,Özel,21,,,,,,
725,Pursaklar,PROTOKOL ADSP,Fatih,Belediye Cd. No:26,0507 554 44 42,72,4.5,Özel,21.3,,,,,,
726,Pursaklar,Pursaklar Oral & Maxillofacial Clinic,Fatih,Belediye Cd. 53/A,0312 527 37 70,146,4.2,Özel (Çene Cerrahisi),21.3,,,,,,
727,Pursaklar,Özel Dent İmza ADSP,Fatih,Yavuz Blv. 21/K,0552 157 66 44,80,4.8,Özel,21.6,,,,,,
728,Pursaklar,Diş Hekimi Burcu Öztürk,Fatih,Yavuz Blv. No:13,0312 328 98 88,32,4.8,Özel,21.8,,,,,,
729,Pursaklar,Diş hekimi Merve Gökkuş,Fatih,Belediye Cd. No:60,,5,5.0,Özel,21.5,,,,,,
730,Pursaklar,PURSAKLAR ÇİFTOĞLU ADSP,Fatih,Belediye Cd. No:62 D:C,0543 519 81 19,54,4.5,Özel (Nöbetçi gece),21.5,,,,,,
731,Pursaklar,Diş Hekimi Yahya Durmaz,Mimar Sinan,Çağatay Cd No:6/A,0540 544 04 51,62,4.9,Özel,21,,,,,,
732,Pursaklar,Özel Meydandent ADSP,Mimar Sinan,Çağatay Cd No:41-B,0312 511 75 15,152,4.5,Özel - HOT LEAD,20.9,,,,,,
733,Pursaklar,Dt. Seda Baydar,Mimar Sinan,"Çağatay Cd 41/B (Meydan Plaza, Dev.Hast.yanı)",0850 333 8344,1,5.0,Özel,21.1,,,,,,
734,Pursaklar,Dent Tasarım ADSP,Merkez,Çağatay Cad Işık Sitesi No:120/B,0533 739 89 06,50,4.8,Özel,20.2,,,,,,
735,Pursaklar,ÖZEL BARİDENT ADSP,Saray Fatih,Ertuğrul Gazi Sk. Meydan AVM No:27/O,0312 433 88 38,79,5.0,Özel,22.9,,,,,,
736,Pursaklar,Diş Hekimi Merve Arslan,Saray Fatih,Fatih Sultan Mehmet Cd. 23/A,0542 519 81 20,37,4.8,Özel,24,,,,,,
737,Pursaklar,Özel Asdent Saray ADSP,Saray Cumhuriyet,Şht. Ahmet Edem Cd.,0850 303 3436,23,5.0,Özel,24.4,,,,,,
738,Pursaklar,Özel Ankas ADSP,Saray Cumhuriyet,Belediye Cd. 17/G,0542 102 65 27,161,4.7,Özel - HOT LEAD,24.5,,,,,,
739,Pursaklar,Saray ADSP,Saray Cumhuriyet,Belediye Cd. 24/A,0312 399 39 39,192,4.5,Özel - HOT LEAD,24.5,,,,,,
740,Altındağ,Özel Altındağ ADSP,Feridun Çelik,1048. Cd. 187/D,0533 428 95 91,53,5.0,Özel (Nöbetçi gece),23.1,,,,,,
741,Altındağ,Oral & Dental Health Clinic (ÖZCESU),Battalgazi,Orhan Kemal Cd. No:156,0312 350 13 47,213,4.0,Özel - HOT LEAD,24,,,,,,
742,Altındağ,Beyazdent Karapürçek ADSP,Battalgazi,Bostancık Cd. Hatıra Apt D:155/C,0516 165 66 65,15,5.0,Özel,24,,,,,,
743,Mamak,Özel Dt. Fehmi Bora Şariç Muayenehanesi,Başak,Özalp Cd. No:11/A-B (1673. Cd),0542 233 10 99,376,4.9,Özel - HOT LEAD (Nöbetçi 24h),24.7,,,,,,
744,Altındağ,Dt. Bilge Emre,Karapürçek,Şht. Savaş Batu Cd No:36/A,0552 702 62 30,294,4.9,Özel - HOT LEAD,25.8,,,,,,
745,Altındağ,Özel Öz&Gün Dent ADSP,Karapürçek,397. Cd. No:19,0533 285 60 76,56,4.8,Özel,26,,,,,,
746,Mamak,Mamak Karaağaç ADSP,Karaağaç,Gazneli Mahmut Cd. No:16/A,0531 234 04 91,84,4.6,Özel,22.2,,,,,,
747,Mamak,Diş Hekimi Muâllâ Müftüoğlu Çelik,Bahçeleriçi,Mamak Cd. 186/4,0312 369 17 95,5,4.2,Özel,21.9,,,,,,
748,Mamak,Mutludent ADSP,Çağlayan,Tıp Fakültesi Cd. 254/a,0312 390 54 80,181,4.3,Özel - HOT LEAD,21.6,,,,,,
749,Mamak,Dentacenter Mamak Çarşı,Harman,94. Sk. No:2 D:A (Mamak Çarşı içi),0444 39 21,311,4.9,Özel - HOT LEAD,21.4,,,,,,
750,Mamak,Dr. Haydar Sinan Çelik,Tuzluçayır,Süleyman Ayten Cd. No:53,0312 365 20 23,18,3.4,Özel,21.2,,,,,,
751,Mamak,Diş Hekimi Cihan Balkız,Tuzluçayır,Natoyolu Cd. No:11,0531 610 30 10,84,4.4,Özel,21.3,,,,,,
752,Mamak,Özel Elit ADSP,Kartaltepe,Kartaltepe Mah.,0312 365 83 65,99,4.1,Özel,20.9,,,,,,
753,Mamak,ICONDENT ADSP,Aşık Veysel,Tıp Fakültesi Cd. 98/D,0501 364 82 00,294,4.9,Özel - HOT LEAD,20.6,,,,,,
754,Mamak,Dt. Seçil Sönmez,Peyami Safa,Mehmet Ali Altın Cd 85/D,0850 474 0352,27,4.7,Özel,20.5,,,,,,
755,Mamak,Ankara Diş Hekimi Merve Başak Özden,Mutlu,İmam Alim Sultan Cd. NO:95 D:E,0850 474 4280,6,3.0,Özel,21.2,,,,,,
756,Mamak,Özel Mamak Diş Kliniği,Akdere,"Kutlu, Mutlu Cd. (Kuşcular Apt)",0531 514 88 18,51,5.0,Özel (Nöbetçi gece),21.7,,,,,,
757,Mamak,Odak ADSP Akdere Diş Pol.,Akdere,"Kutlu, Mutlu Cd. No:2/A",0312 390 37 38,649,4.8,Özel - MEGA LEAD (Nöbetçi),21.8,,,,,,
758,Mamak,Dt. Ayşegül Topaloğlu,Gn. Zeki Doğan,Natoyolu Cd. No:112A,0850 811 5568,9,4.9,Özel,22.3,,,,,,
759,Mamak,Duygu Dent ADSP,Fahri Korutürk,Natoyolu Cd. No:151/B,0542 360 20 50,430,4.9,Özel - HOT LEAD,22.9,,,,,,
760,Mamak,Ece Dent ADSP,Cengizhan,Natoyolu Cd. No:175/A,0530 575 53 23,153,4.9,Özel - HOT LEAD,23,,,,,,
761,Mamak,Mamak Diş Kliniği ADSP,Ege,Natoyolu Cd. 144/D,0530 544 50 90,5,5.0,Özel,23.2,,,,,,
762,Mamak,İyiDent & Dentwell Diş Kliniği,Ege,Natoyolu Cd. No:144,0312 911 76 60,276,4.8,Özel - HOT LEAD,23.2,,,,,,
763,Mamak,Dentista ADSP,Ege,Natoyolu Cd. No:240/C,0312 390 35 35,100,4.3,Özel,23.4,,,,,,
764,Mamak,Dt. Cihan Özgen,Ege,804. Cd. No:4/2,0540 900 08 08,26,4.7,Özel,23.6,,,,,,
765,Mamak,Natodent ADSP,Cengizhan,846. Cd. No:229,0312 390 92 92,78,4.4,Özel,23.7,,,,,,
766,Mamak,Dentacenter Natoyolu,Cengizhan,Sultan Fatih Cd. 18DH,0444 39 21,527,4.9,Özel - MEGA LEAD,24.2,,,,,,
767,Mamak,Antrasit ADSP,Akşemsettin,Doğukent Bulvarı,0530 407 06 71,53,4.9,Özel,24.8,,,,,,
768,Mamak,Anafartalar Doğukent ADSP,Akşemsettin,Doğukent Cd. A-B Blok No:131h,0543 349 61 35,178,5.0,Özel - HOT LEAD,24.9,,,,,,
769,Mamak,BULUT DENT ADSP,Durali Alıç,928. Cd No:10/A-B,0544 234 82 58,265,4.9,Özel - HOT LEAD,23.8,,,,,,
770,Mamak,Dent Boğaziçi,Boğaziçi,Neşet Ertaş Cd. 901. Sk. No:25 D:B,0312 392 20 23,79,4.5,Özel,23.7,,,,,,
771,Mamak,Dentacenter Mamak Boğaziçi,Boğaziçi,Neşet Ertaş Cd No:9 D:22,0444 39 21,138,5.0,Özel,23.8,,,,,,
772,Mamak,Misket ADSP,Şahintepe,Gamze Özdemir Cd. 20/A,0312 543 30 36,699,4.9,Özel - MEGA LEAD,22.4,,,,,,
773,Mamak,Özgür Diş Kliniği,Gn. Zeki Doğan,Natoyolu Cd. No:42,0312 365 44 06,65,4.3,Özel,21.7,,,,,,
774,Mamak,Özel Odak ADSP,Şafaktepe,Mamak Cd. 87/1,0536 852 96 71,301,3.9,Özel - HOT LEAD,20.1,,,,,,
775,Mamak,MİLADENT ADSP,Abidinpaşa,Tıp Fakültesi Cd. No:22/A,0541 325 10 00,100,4.9,Özel,19.5,,,,,,
776,Mamak,DENTACENTER DİKİMEVİ,Demirlibahçe,Mamak Cd. No:3 D:1 (1.kat),0444 39 21,69,5.0,Özel,18.9,,,,,,
777,Çankaya-C Merkez,Dentists Ersan Arıkan,,"Cebeci, Evren Sk. No:38 D:6",0312 320 20 97,50,4.8,,18.8,,,,,,
778,Çankaya-C Merkez,Dt. Bünyamin Turhan,,"Cebeci, Cemal Gürsel Cad. No:109 D:1",0505 236 72 63,1,5.0,,18.8,,,,,,
779,Çankaya-C Merkez,Cebeci Diş Kliniği Dt Semiha Tad (24h),,"Cebeci, Cemal Gürsel Cad. No:109 D:1",0537 654 48 44,180,4.4,HOT LEAD (24/7),18.8,,,,,,
780,Çankaya-C Merkez,Özel Sürücü ADSP,,"Cebeci, Cemal Gürsel Cad. No:96/B",0312 319 35 28,67,4.5,,18.8,,,,,,
781,Çankaya-C Merkez,Cebeci Dent,,"Fakülteler Mh, Cebeci, Cemal Gürsel Cad. 80/A",0312 363 61 65,173,4.3,HOT LEAD,18.7,,,,,,
782,Mamak,Diş Hekimi M. Haluk Oygür,Demirlibahçe,Demirkapı Sk. No:2/4,0312 319 33 61,0,-,Özel,18.7,,,,,,
783,Altındağ,DentaCenter Cebeci,Hacettepe/Cebeci,Ulucanlar Cd. No:88 D:17,0444 39 21,844,4.9,Özel - MEGA LEAD,18.6,,,,,,
784,Altındağ,Diş Hekimi İdris Çamlıbel,Hacettepe,Talatpaşa Blv No:138/2,0542 341 33 76,1,5.0,Özel,18.3,,,,,,
785,Altındağ,Cihad Ş. Özkan,Kale,Anafartalar Cd Mermercizade İş Hanı 29/56,0533 577 30 88,2,5.0,Özel,17,,,,,,
786,Çankaya-C Merkez,Özel Maltepedent ADSP,,"Maltepe, Gazi Mustafa Kemal Blv. No:87 D:30",0538 703 70 98,365,4.8,MEGA LEAD,16.2,,,,,,
787,Çankaya-C Merkez,Dt Ayşenur Taş 24 Saat Açık Dişçi (24h),,"Maltepe, Gazi Mustafa Kemal Blv. No:87/77",0538 703 70 98,508,4.9,MEGA LEAD (24/7),16.2,,,,,,
788,Çankaya-C Merkez,Dt Burak Can Nöbetçi Dişçi (24h),,"Maltepe, Gazi Mustafa Kemal Blv. No:87 D:33",0538 703 70 98,302,4.8,HOT LEAD (24/7),16.2,,,,,,
789,Çankaya-C Merkez,Dent-Art Diş Polikliniği,,"Bahçelievler, Taşkent Cd. No:50/A",0312 223 04 24,109,4.8,,15,,,,,,
790,Çankaya-C Merkez,Diş Hekimi Murat Memikoğlu,,"Yukarı Bahçelievler, 54. cad 7/3",0312 221 39 42,13,4.4,,15.2,,,,,,
791,Çankaya-C Merkez,Diş Hekimi Didem Serim,,"Yukarı Bahçelievler, 46. Sk. 44/1",0533 351 33 82,7,5.0,,14.7,,,,,,
792,Çankaya-C Merkez,emek Ağız Diş Sağlığı Polikliniği,,"Bahçelievler, Emek, 4. Cad. No:92 D:7",0312 223 41 60,59,4.2,,14.7,,,,,,
793,Çankaya-C Merkez,KLİNİK ANKARA ADSP,,"Emek, Kazakistan Cd. 78/A",0501 105 06 06,58,4.8,,14.6,,,,,,
794,Çankaya-C Merkez,Diş Hekimi Mahmut Sapmaz ADSP,,"Emek, Kazakistan Cd. 60/1 (Saray Apt)",0551 084 19 21,352,4.5,MEGA LEAD,14.6,,,,,,
795,Çankaya-C Merkez,Özel Dentahan ADSP,,"Emek, Bişkek Cd. No:73-A",0501 674 23 24,59,5.0,,14.3,,,,,,
796,Çankaya-C Merkez,Dr. Dt. Semih Demircioğlu,,"Emek, Kırım Cd. 78/BB",0312 213 25 33,33,4.6,,14.1,,,,,,
797,Çankaya-C Merkez,Çankaya ADSP (Emek),,"Emek, Bişkek Cd. 36 A",0312 436 30 66,54,3.9,,14.3,,,,,,
798,Çankaya-C Merkez,Uzman Diş Hekimi Ekin Cinal,,"Emek, Veli Necdet Arığ Cd No:5 D:3",0507 238 48 99,15,4.9,,14.7,,,,,,
799,Çankaya-C Merkez,Özel Bahçelievler ADSP,,"Emek, Kazakistan Cd. No:138/B",0506 972 03 06,99,4.8,,15,,,,,,
800,Çankaya-C Merkez,Diş Hekimi Kutay Görücü,,"Yukarı Bahçelievler, 7. Cad Aşkabat 69. Sk. No:34 D:6",0312 213 21 43,163,4.9,HOT LEAD,15.3,,,,,,
801,Çankaya-C Merkez,Diş Hekimi Duygu Öztürk,,"Emek, 4. Sk. No:15",0552 392 55 45,43,4.9,,14.4,,,,,,
802,Yenimahalle,Özel Beştepe ADSP,Beştepe,Alparslan Türkeş Cd Çakıroğlu İş Merkezi 61B/D,0501 340 19 18,54,4.9,Özel - Orta,13.4,,,,,,
803,Yenimahalle,Dr.Dt. Ezgi Sayarlı (Periodontolog),Beştepe,Moment 32. Cad 1/44,0312 544 11 50,23,5.0,Özel - Uzman (Periodontoloji),13.3,,,,,,
804,Çankaya-C Merkez,Özel Ankara Dişevi ADSP,,"Emek, Kırım Cd. No:36/B",0312 223 82 72,60,4.9,,14.2,,,,,,
805,Çankaya-C Merkez,Mb Dental Group Çankaya Diş Polikliniği,,"Bahçelievler, Bahriye Üçok Cd. 19/A",0552 638 98 20,42,4.7,,14.4,,,,,,
806,Çankaya-C Merkez,Dt. Şakir Doğualp Beşevler Diş Hekimi,,"Bahçelievler, Bahriye Üçok Cd. 19/A",0552 638 98 20,37,4.9,,14.4,,,,,,
807,Çankaya-C Merkez,Dt Engin Nöbetçi Dişçi Ankara (24h),,"Bahçelievler, Bahriye Üçok Cd.",0506 542 62 95,234,4.9,HOT LEAD (24/7),14.4,,,,,,
808,Yenimahalle,Prof. Dr. Ayşegül Tüzüner (Çene Cerrahi),Emniyet,"Ankara Üni Diş Fak Çene Cer., İncitaş sk",0312 296 55 82,29,4.3,Özel - Uzman (Prof.Dr. Çene),14.4,,,,,,
809,Yenimahalle,Özel İrem ADSP ⭐,Işınlar,İvedik Cd Giriş Sk 2,0312 344 59 59,230,4.7,Özel - Büyük,13.1,,,,,,
810,Yenimahalle,Özel Zen Art ADSM,Işınlar,İvedik Cd 122/1,0505 860 99 36,35,5.0,Özel - Orta,12.8,,,,,,
811,Yenimahalle,Dt. Burcu Aksoy,Işınlar,Ragıp Tüzün Cd 76,0312 327 77 91,32,4.4,Özel - Küçük,12.9,,,,,,
812,Yenimahalle,Dr. Güzin Ünlü Yaşar 🆕,Yeniçağ,Taşkın Sk No:9 D:4,0312 327 59 66,3,4.7,Özel - Küçük (Ali'nin bildirdiği),12.6,,,,,,
813,Yenimahalle,Dt. İbrahim Kadri Barut 🆕,Yeniçağ,Çarşı Cd 24 D:2,0312 344 05 47,2,4.5,Özel - Küçük,12.5,,,,,,
814,Yenimahalle,Dt. Ali Emrah Uysal,Ragıp Tüzün,Ragıp Tüzün Cd 125/5,0850 333 8344,7,4.4,Özel - Küçük,12.4,,,,,,
815,Yenimahalle,Dr.Dt. Erbil Şahinkaya (Ortodonti Uzm.),Ragıp Tüzün,Ragıp Tüzün Cd 139/1,0312 343 29 83,68,4.9,Özel - Uzman (Ortodonti),12.4,,,,,,
816,Yenimahalle,Dt. Habibe Başayar Eroğlu 🆕,Ragıp Tüzün,Ragıp Tüzün Cd 139-2,0312 343 34 41,7,4.4,Özel - Küçük,12.4,,,,,,
817,Yenimahalle,Rosedent Yenimahalle,Ragıp Tüzün,Akın Cd 37,0444 51 78,47,4.9,Özel - Orta,12.3,,,,,,
818,Yenimahalle,Rosedent ADSP Yenimahalle Şubesi,Ragıp Tüzün,Akın Cd. No:37,0444 5178,47,4.9,Özel,12.3,,,,,,
819,Yenimahalle,Dt. Özgü Arslan 🆕,Çarşı,Akın Cd 45/A,0543 187 87 00,43,4.8,Özel - Küçük,12.3,,,,,,
820,Yenimahalle,Diş Hekimi Özgü Arslan,Çarşı,Akın Cd. No:45/A,0543 187 87 00,43,4.8,Özel,12.3,,,,,,
821,Yenimahalle,Dt. Sibel Kepez Ülkü,Çarşı,Ragıp Tüzün Cd 172/6,0312 344 61 42,2,5.0,Özel - Küçük,12.2,,,,,,
822,Yenimahalle,Dt. Sibel (Akbaş) Gökay ⭐⭐,Çarşı,Ragıp Tüzün Cd 174/1-3,0532 015 33 68,417,4.8,Özel - DEV,12.1,,,,,,
823,Yenimahalle,Diş Hekimi Sibel (Akbaş) Gökay,Çarşı/Ragıp Tüzün,Ragıp Tüzün Cd. 174/1-3,0532 015 33 68,417,4.8,Özel - MEGA LEAD,12.1,,,,,,
824,Yenimahalle,Diş Hekimi Ferhat Kalaycı,Ragıp Tüzün,İvedik Cd. 158/A,0553 285 62 03,43,5.0,Özel,12.5,,,,,,
825,Yenimahalle,Özel Hayat Dent ADSP,Ragıp Tüzün,İvedik Cd 154/B,0312 343 00 60,48,4.9,Özel - Orta,12.5,,,,,,
826,Yenimahalle,Dt. Ali Vala Taşçıoğlu 🆕 (Hayat Dent içi),Ragıp Tüzün,İvedik Cd 154/B (Özel Hayat Dent ADSP içinde),0850 433 4169,0,0,Özel - Hekim (Ali'nin bildirdiği),12.5,,,,,,
827,Yenimahalle,Mercandent ADSP ⭐,Tepealtı,İvedik Cd 288,0312 344 29 61,350,4.3,Özel - Büyük,11.5,,,,,,
828,Yenimahalle,Dentist (Dt. Mehmet Yağmur),Demetgül,İvedik Cd. No:89,0312 345 11 65,7,4.7,Özel,11.2,,,,,,
829,Yenimahalle,KOZDENT ADSP,Demetgül,İvedik Cd Uzay 2 69/F,0505 016 88 00,120,4.9,Özel - Orta,11.1,,,,,,
830,Yenimahalle,Dt. Gizem Duman Öztürk (KOZDENT içi),Demetgül,İvedik Cd Uzay 2 69/F (KOZDENT içinde),0505 016 88 00,2,5.0,Özel - Küçük (Pediatri/Gülüş),11,,,,,,
831,Yenimahalle,Hayat ADSP,Demetlale,Vatan Cd 25/3,0312 335 01 61,110,4.7,Özel - Orta,10.8,,,,,,
832,Yenimahalle,Dt. Harun Yıldırım (Gülüş Tasarımı/Çene),Demetlale,Vatan Cd 27/B,0537 701 90 36,54,4.9,Özel - Orta (Gülüş),10.8,,,,,,
833,Yenimahalle,Turkoglu Diş Polikliniği,Demetevler,406. Cad. No:1 D:5,0312 345 23 19,12,5.0,Özel,10.8,,,,,,
834,Yenimahalle,O.E.T. ADSP (Orkun Ersan Tokmakçı),Demetevler,369. Sk No:7,0546 503 06 58,203,4.9,Özel - Büyük,10.5,,,,,,
835,Yenimahalle,7/24 Acil Diş Kliniği Ankara,Demetgül,Şht. Rıfat Çelik Sk 27/A,0506 279 00 91,254,4.9,Özel - 24 Saat,10.9,,,,,,
836,Yenimahalle,7/24 Gece Açık Acil Diş Kliniği (VK Dental),Demetgül,Şht. Rıfat Çelik Sk. No:27/A,0506 279 00 91,256,4.9,Özel - HOT LEAD (Nöbetçi 7/24),10.9,,,,,,
837,Yenimahalle,Dt. Cihan Çağatay Özkan ⭐ 🆕,Esentepe,Ragıp Tüzün Cd 294/A Ayça Apt,0538 702 61 06,36,5.0,Özel - Orta (YENİ MAHALLE),11.5,,,,,,
838,Yenimahalle,BENGİSU ADSP ⭐,Demetevler,357 Caddesi 59/A,0534 058 86 08,268,4.9,Özel - Büyük,10.1,,,,,,
839,Yenimahalle,Uzm. Dr. Zehra Fırtına Ekincioğlu ⭐,Mehmet Akif Ersoy,274. Sokak Wings Plaza A Blok Kat:11,0542 320 29 20,416,4.9,Özel - Büyük (Uzman Çene),9.3,,,,,,
840,Yenimahalle,Santral Ankara Diş,Mehmet Akif Ersoy,274. Sk B Blok No:121,0533 934 90 46,203,4.9,Özel - Büyük,9.3,,,,,,
841,Yenimahalle,Dent Gimat ADSP,Macun,177. Cd 28/39,0312 397 45 55,45,4.5,Özel,9.2,,,,,,
842,Yenimahalle,Batı Bulvar ADSP (Canan Sarıkaya) ⭐,Macun,Batı Bulvarı 177. Cd 28/48,0553 318 60 92,701,4.9,Özel - DEV,9,,,,,,
843,Çankaya-B Çukurambar/Balgat,Dentapros Balgat,,"Nasuh Akar, 1405. Sk. No:6",0312 911 13 96,628,4.5,MEGA LEAD,15.3,,,,,,
844,Çankaya-B Çukurambar/Balgat,ALÖZ ADSP,,"Oğuzlar, Osmanlı Cd. No:12 D:C",0850 811 3486,14,5.0,,15.4,,,,,,
845,Çankaya-B Çukurambar/Balgat,Miadent ADSM,,"Aşağı Öveçler, Çetin Emeç Blv. No:69",0444 5642,617,4.3,MEGA LEAD,16.5,,,,,,
846,Çankaya-B Çukurambar/Balgat,OLİVDENT Diş Kliniği (24h ekipli),,"Öveçler, Çetin Emeç Blv., Kabil Cd. No:3/A",0531 694 51 41,352,4.9,HOT LEAD (Acil),16.9,,,,,,
847,Çankaya-B Çukurambar/Balgat,Nöbetçi Diş Hekimi (OLİVDENT),,"Öveçler, Kabil Cd. No:3",0531 694 51 41,27,5.0,24/7 NÖBET,16.9,,,,,,
848,Çankaya-B Çukurambar/Balgat,Botoks Ankara (OLİVDENT),,"Öveçler, Kabil Cd. No:3",0531 694 51 41,16,5.0,,16.9,,,,,,
849,Çankaya-B Çukurambar/Balgat,Cem Dental (Dt. Cemal),,"Öveçler, Kabil Cd. No:7",0312 482 22 02,7,5.0,,16.9,,,,,,
850,Çankaya-B Çukurambar/Balgat,Diş Hekimi Cemal Çakır,,"Aşağı Öveçler, Kabil Sk. No:7 D:14",0312 482 22 02,9,4.9,,16.9,,,,,,
851,Çankaya-B Çukurambar/Balgat,Diş Hekimi Recep Ertan Özmen,,"Öveçler, Kabil Cd. 55 C",0312 479 71 91,18,5.0,,17.3,,,,,,
852,Çankaya-B Çukurambar/Balgat,DentaVitalis ADSP,,"Aşağı Öveçler, Kabil Cd. 64/A",0552 481 30 48,88,4.7,,17.3,,,,,,
853,Çankaya-B Çukurambar/Balgat,DentKron ADSP,,"Aşağı Öveçler, Kabil Cd. 68/A",0312 481 81 00,27,5.0,,17.4,,,,,,
854,Çankaya-B Çukurambar/Balgat,Gönül ADSP,,"Öveçler, Mimar Cd. 54-C",0312 482 00 02,227,4.8,HOT LEAD,17.7,,,,,,
855,Çankaya-B Çukurambar/Balgat,Dent Mec ADSP (Dr. Mesut),,"Yukarı Öveçler, Lizbon Cd. No:44/A",0530 934 06 32,37,4.5,,16.8,,,,,,
856,Çankaya-D Güney,Özel Dent Dikmen ADSP,,"Harbiye, Dikmen Cd Zarif Sk 2/A",0554 009 68 00,166,4.9,HOT LEAD,17.8,,,,,,
857,Çankaya-C Merkez,Sakura ADSP,,"Çankaya, Cinnah Cd. No:9",0312 428 75 40,4,5.0,,18.7,,,,,,
858,Çankaya-C Merkez,Diş Hekimi Tüzün Gelgel,,"Çankaya, Göreme Sk. No:1/20",0312 426 34 23,11,4.9,,18.7,,,,,,
859,Çankaya-C Merkez,Dentics ADSP (Dr. Fuat Kesim),,"Güvenevler, Kavaklıdere Cd. 3-3",0312 468 76 78,8,5.0,,18.6,,,,,,
860,Çankaya-C Merkez,Dt. Kadir Özgül Muayenehanesi,,"Remzi Oğuz Arık, Kavaklıdere Cd. Şili Meydanı 23/2",0545 827 12 88,117,5.0,HOT LEAD,18.5,,,,,,
861,Çankaya-C Merkez,Nenehatun42 ADSP (Dt. Oya Kılıçoğlu Torun),,"Gaziosmanpaşa, Nenehatun Cd No:42/A",0533 136 66 90,96,5.0,,19.2,,,,,,
862,Çankaya-C Merkez,Ankyra Dental ADSP,,"Gaziosmanpaşa, Han Sk. No:32",0312 446 60 65,107,4.9,,19.5,,,,,,
863,Çankaya-C Merkez,DentRoyal ADSP,,"Kazım Özalp, Gaziosmanpaşa, Filistin Cd. İzci Sk. 2/2",0552 184 02 42,82,5.0,,19.7,,,,,,
864,Çankaya-C Merkez,Özel Esat Diş ve Ağız Sağlığı Polikliniği,,"Küçükesat, Esat Cd. No:101/A",0532 353 82 43,46,4.4,,18.7,,,,,,
865,Çankaya-C Merkez,Özel ELİT ESAT ADSP,,"Küçükesat, Esat Cd. 101/A",0532 353 82 43,12,4.8,,18.7,,,,,,
866,Çankaya-C Merkez,Dt. Alperen Özcan Nöbetçi Diş Kliniği (24h),,"Ön Cebeci, İncesu Cd. No:11/A",0552 155 50 65,256,5.0,HOT LEAD (24/7),18.1,,,,,,
867,Mamak,Dt. Özgür Ançel Diş Hekimi,Yeşilbayır,1774/1. Sk. No:2/B,0312 439 65 34,41,4.7,Özel,26.1,,,,,,
868,Mamak,Gökhan Nas Muayenehanesi,Kayaş,Kayaş Cd. No:103,0536 575 77 05,20,4.8,Özel,27,,,,,,
869,Etimesgut,Dentvilla ADSP Bağlıca,Bağlıca,Mermeroğlu Cd. NO:66 C D:1,0554 606 03 12,100,5.0,Özel - Orta,10.4,,,,,,
870,Sincan,Dila Berkem Okay Diş Kliniği,Saraycık/Seyit Onbaşı,2432. Cad TB2 İş Hanı No:3/2C (Cami Yanı),0505 025 23 23,10,5.0,Özel,7.5,,,,,,
871,Sincan,Dentists Grup GOP 2 ADSP,Gökçek,250. Cd Zuhur Konut Sit B blok 3/2,0312 267 20 28,5,5.0,Özel - Yeni,8.2,,,,,,
872,Sincan,Ilgaz ADSP,Gökçek/Törekent,361. Sk 4/3,0546 259 75 52,111,4.9,Özel - Orta,8.2,,,,,,
873,Sincan,Törekent Diş,Gökçek/Törekent,561 Sk 2/6,0507 063 88 44,0,0,Özel - Yeni,8.1,,,,,,
874,Sincan,Özel Arisdent ADSP,Gökçek,250. Cd 11/L (Sincan ADSH karşısı),0505 027 21 22,21,5.0,Özel - Yeni,8.1,,,,,,
875,Sincan,Özel LivaDent Diş Polikliniği ⭐⭐,Gökçek/Törekent,352. Sk 1/2,0545 339 32 86,245,4.8,Özel - DEV,7.9,,,,,,
876,Sincan,Dentists Grup GOP ADSP,Fatih/GOP,İzmir Cd 16E,0312 272 71 78,49,3.9,Özel - Orta (düşük puan),7.3,,,,,,
877,Sincan,Dt. Nur Güneş Mısır ⭐⭐,Fatih,İzmir Cd 15/1,0506 328 58 53,312,4.6,Özel - DEV,7.3,,,,,,
878,Sincan,Dt Sinan Çakmak Fatih ⭐⭐ (24h),Fatih,Fatih mh,0545 339 32 86,271,4.7,Özel - DEV (24h),6.8,,,,,,
879,Sincan,Tandoğan Diş Kliniği (24h),Ulubatlı Hasan (Mebusevler),Anıt Cd 12. 1. kat,0553 895 90 29,1,5.0,"Özel - Yeni (24h, Capital yanı, Sincan sınırı - DOĞRULAMA GEREKLİ)",6,,,,,,
880,Etimesgut,Özel Empladent ADSP,Yavuz Selim (kuzeybatı),12. Cd. No:9 İç Kapı 102,0546 850 08 08,307,4.8,Özel - Büyük,4.9,,,,,,
881,Sincan,Sincan Megapol ADSP,Gökçek,362. Cadde 11/B,0505 600 22 87,76,4.9,Özel - Orta,8.6,,,,,,
882,Sincan,Uzm. Dt. Nur Atak,Ahi Evran (Sincan OSB),Sinova İş Merkezi ASO Cd 114,0850 811 3773,93,4.8,Özel - Uzman,9.3,,,,,,
883,Sincan,Dt. Saynur Sezer,Yenikent (Mustafa Kemal),İnönü Blv 36/A,0540 440 97 94,27,5.0,Özel - Küçük,12,,,,,,
884,Sincan,Diş Hekimi Saynur Sezer,Mustafa Kemal/Yenikent,İnönü Blv. 36/A,0540 440 97 94,27,5.0,Özel,12,,,,,,
885,Sincan,Yenikent Özel Yenident,Yenikent (Mustafa Kemal),Cumhuriyet Blv 11,0546 277 21 12,91,4.1,Özel - Orta,12.2,,,,,,
886,Sincan,Özel DevA Yenikent,Yenikent (Mustafa Kemal),Cumhuriyet Blv 15,0312 277 30 66,36,3.1,Özel - Orta (düşük puan),12.2,,,,,,
887,Sincan,Rasim Olgun Kayıran Diş Kliniği,Yenikent (Menderes),Mevlana Cd 3/A,0505 715 17 06,19,4.9,Özel - Yeni,12,,,,,,
888,Sincan,Dt. Nesrin Beyazaslan,Yenikent (Mustafa Kemal),Fatih Cd Leylak Sk 5 D:Apt 1,-,2,5.0,Özel - Yeni (Redent ile aynı bina),12.5,,,,,,
889,Sincan,Redent ADSP (Yenikent) ⭐,Yenikent (Mustafa Kemal),Fatih Cd Leylak Sk 5,0850 304 7737,134,4.4,Özel - Büyük,12.5,,,,,,
890,Sincan,Özel Orhun Yalçın ADSP,Yenikent (Mustafa Kemal),Orhangazi Cd 53/B,0531 523 69 00,9,5.0,Özel - Yeni,12.7,,,,,,
891,Sincan,Yenikent Doradent ⭐,Yenikent (Menderes),Cengiz Topel Cd 70A,0506 045 18 00,110,4.7,Özel - Büyük,12.2,,,,,,
892,Sincan,Dt. Mustafa Tetik,Yenikent (Menderes),Cengiz Topel Cd 70,0850 811 7820,1,5.0,Özel - Küçük,12.2,,,,,,
893,Sincan,Dt. Aybüke Sayın,Yenikent (Menderes),Cengiz Topel Cd 70,0850 811 7821,0,0,Özel - Küçük,12.2,,,,,,
894,Sincan,AKSA DENT ADSP,Yenikent (29 Ekim),788. Sk 4/D,0555 074 66 00,19,5.0,Özel - Yeni,12.1,,,,,,
895,Sincan,Yenikent Diş Kliniği (Halil Sezer) ⭐,Yenikent (29 Ekim),65. Cd 19/B,0552 363 11 71,199,4.4,Özel - Büyük,12.2,,,,,,
896,Sincan,Dt. Tuğbay Oğuz Sezer,Yenikent (29 Ekim),65. Cd 19/B,0501 341 19 94,31,4.7,Özel - Köklü,12.2,,,,,,
897,Sincan,Yenikent Dentestetik ⭐⭐,Yenikent (29 Ekim),Melih Gökçek Blv 25 D:10B,0552 590 03 47,533,4.8,Özel - DEV,12.6,,,,,,
898,Sincan,Özel Modernkent ADSP,Yenikent (Menderes),Melih Gökçek Blv 75A,0312 512 15 90,61,4.9,Özel - Orta,13.3,,,,,,
899,Sincan,Turnadent ADSP,Yenikent (Fevzi Çakmak),Kazım Karabekir Cd Turna Sk 1/A,0532 152 82 26,53,4.2,Özel - Orta,13.1,,,,,,
900,Sincan,Yenikent Dentbulvar,Yenikent (Çoğlu),Necip Fazıl Blv 16/B,0506 204 62 06,41,4.8,Özel - Orta,11.5,,,,,,
901,Kahramankazan,Dr. Smile Diş Kliniği (Akıncı),Akıncı,"Havacılık Blv, Kazan Sk Z-13",0312 427 91 91,45,4.0,Özel,13.5,,,,,,
902,Kahramankazan,Uzman Dt. İsmail Burak Öcal Diş Kliniği,Atatürk,Onural Şeref Bozkurt Cd. No:30/B,0501 565 08 29,72,5.0,Özel - UZMAN,24.8,,,,,,
903,Kahramankazan,Dent Kazan ADSP,Atatürk,29 Mayıs Cd. No:83 D:E,0531 814 50 02,2,5.0,Özel,24.9,,,,,,
904,Kahramankazan,Müjgan Demir Diş Kliniği,Atatürk,29 Mayıs Cd. No:89 D:3,0312 814 55 61,60,4.3,Özel,25.1,,,,,,
905,Kahramankazan,As Dent ADSP (Kahramankazan),Atatürk,29 Mayıs Cd. No:98/B,0312 814 64 64,76,3.7,Özel (Nöbetçi gece),25.5,,,,,,
906,Kahramankazan,Özel Livadent Diş Polikliniği Kahramankazan,Satıkadın,Mimar Sinan Cd. Söylemez Apt. No:2/B9,0542 101 87 86,28,5.0,Özel,25.8,,,,,,
907,Kahramankazan,Alyadent ADSP | Kahramankazan,Satıkadın,Ankara Blv. 106/B D:C,0312 800 06 56,160,4.5,Özel - HOT LEAD,26,,,,,,
908,Kahramankazan,Dt. Ebru Gül Demirci Diş Kliniği,Şehit/Atatürk,Hasan Tahsin Cd. No:86 D:B,0533 810 03 55,23,5.0,Özel,25.5,,,,,,
909,Etimesgut,Alyadent Yapracık,Yapracık (uzak),Yukarı Yurtçu 4462 Cd. No:10/B Turkuaz,0312 504 50 54,182,4.2,Özel - Büyük,17.9,,,,,,
